,Popularity,Recipe Name,Description,Ingredients,Directions,Category,Nutrients,Servings,Image URL
0,15,Grandma's Polish Perogies,These Polish perogies are made with a homemade dough recipe and filled with potatoes and cheese for delicious dumplings that are easy to customize.,"['4 ½ cups all-purpose flour', '2 teaspoons salt', '2 cups sour cream', '2 large eggs', '1 egg yolk', '2 tablespoons butter, melted', '2 tablespoons vegetable oil', '8 baking potatoes, peeled and cubed', '1 cup shredded Cheddar cheese', '2 tablespoons processed cheese sauce', '1 pinch onion salt, or to taste', 'salt and pepper to taste']","Gather all ingredients.
Prepare the dough: Stir flour and salt together in a large bowl. Whisk sour cream, eggs, egg yolk, butter, and oil in a separate bowl. Stir wet ingredients into flour until well blended and dough comes together. Cover the bowl with a towel, and let stand for 15 to 20 minutes.
Meanwhile, prepare the filling: Place potatoes into a pot, and fill with enough water to cover. Bring to a boil, and cook until tender, about 15 minutes.
Drain potatoes, and mash with shredded cheese and cheese sauce while still hot. Season with onion salt, salt, and pepper. Set aside to cool.
Separate pierogi dough into two balls. Roll out one ball at a time on a lightly floured surface until it is thin enough to work with, but not too thin so that it tears, between 1/8- and 1/4-inch thick. Cut into circles using a cookie cutter, pierogi cutter, or a glass, 3- to 4-inches in diameter.
Assemble the perogies: Brush a little water around the edges of the circles, and spoon some filling into the center.
Fold the circles over into half-circles, and press to seal the edges with fingers, or use a fork for crimped edges.
Place perogies on a cookie sheet, and freeze. Once frozen, transfer to freezer storage bags or containers.
To cook the perogies: Bring a large pot of lightly salted water to a boil. Lower perogies into the water in batches. Cook until they float to the top, about 5 minutes. Do not boil too long, or they will be soggy. Remove with a slotted spoon.
Serve and enjoy!",Dinner,"{'calories': '281 kcal', 'carbohydrateContent': '38 g', 'cholesterolContent': '50 mg', 'fiberContent': '3 g', 'proteinContent': '8 g', 'saturatedFatContent': '6 g', 'sodiumContent': '351 mg', 'sugarContent': '1 g', 'fatContent': '11 g', 'unsaturatedFatContent': '0 g'}",20 servings,https://www.allrecipes.com/thmb/qpnfm68-qgDLBqbwatZyGMYtu34=/1500x0/filters:no_upscale():max_bytes(150000):strip_icc()/84706-grandmas-polish-perogies-DDMFS-4x3-178-e77fc1e836ef41b3b2de173ecd8f43b6.jpg
1,14,Sweet Polish Sausage,"Cooked Polish kielbasa is baked in a Worcestershire-based sauce laced with lemon juice, brown sugar and hot pepper sauce.","['2 pounds kielbasa sausage, cut into 1-inch pieces', '1 onion, chopped', '⅔ cup water', '½ cup brown sugar', '⅓ cup Worcestershire sauce', '1 tablespoon fresh lemon juice', '2 dashes hot pepper sauce']","Place sausage in a large saucepan with enough water to cover; simmer over low heat for 1 hour. Drain. Transfer sausage to a 9x13-inch baking dish; set aside.
Preheat the oven to 350 degrees F (175 degrees C).
Combine onion, 2/3 cup water, brown sugar, Worcestershire sauce, lemon juice, and hot pepper sauce in same saucepan; bring to a boil, stirring. Pour over sausage.
Bake in the preheated oven for 1 hour.",Dinner,"{'calories': '837 kcal', 'carbohydrateContent': '41 g', 'cholesterolContent': '150 mg', 'fiberContent': '0 g', 'proteinContent': '28 g', 'saturatedFatContent': '21 g', 'sodiumContent': '2296 mg', 'sugarContent': '34 g', 'fatContent': '62 g', 'unsaturatedFatContent': '0 g'}",4 servings,https://www.allrecipes.com/thmb/drnhYHWeY70TWOW8jBDUWWmxj7Q=/1500x0/filters:no_upscale():max_bytes(150000):strip_icc()/411324-3bf546cf7341475180ab02d62f093581.jpg
2,14,Polish Chicken and Dumplings,This delicious and comforting Polish chicken soup with homemade dumplings is an old family recipe that has been perfected over the years!,"['1 (3 pound) whole chicken', '1 onion, chopped', '1 stalk celery, with leaves', '1 tablespoon poultry seasoning', '1 teaspoon whole allspice', '1 teaspoon dried basil', '½ teaspoon salt', '1 teaspoon black pepper', '1 teaspoon seasoning salt', '1 (10.75 ounce) can condensed cream of chicken soup (Optional)', '4 eggs', '2 tablespoons olive oil', '1 tablespoon salt', '1 teaspoon black pepper', '2 cups water', '4 cups all-purpose flour']","Place chicken, onion, and celery in a large pot; fill the pot with water. Season with poultry seasoning, whole allspice, basil, 1/2 teaspoon salt, 1 teaspoon pepper, and seasoning salt; bring to a boil. Reduce heat, and simmer for approximately 2 hours, or until chicken is cooked.
Remove chicken from broth and set chicken aside to cool; strain broth to remove seasonings and any bone. Return broth to the pan, stir in cream of chicken soup and continue simmering.
In a medium bowl, stir together eggs, olive oil, 1 tablespoon salt, and 1 teaspoon pepper with 2 cups water. Gradually add flour, and stir to form a thick dough.
Using a large spoon and knife, scoop a spoonful of dough and cut small pieces into broth. Repeat with remaining dough. Stir, cover, and simmer for about 15 minutes.
Meanwhile, skin and debone chicken; cut meat into small pieces, add to broth and heat through.",,"{'calories': '704 kcal', 'carbohydrateContent': '53 g', 'cholesterolContent': '224 mg', 'fiberContent': '2 g', 'proteinContent': '43 g', 'saturatedFatContent': '9 g', 'sodiumContent': '1543 mg', 'sugarContent': '1 g', 'fatContent': '34 g', 'unsaturatedFatContent': '0 g'}",8 servings,https://www.allrecipes.com/thmb/74Ihv_Mau1KUHmRvHgR5-9Uw1kY=/1500x0/filters:no_upscale():max_bytes(150000):strip_icc()/4015385-af6bdb9127b74ec0a0cbdb5672c54696.jpg
3,14,Pierogi (Polish Dumplings),"These pierogies, made with tender sour cream and egg dough, are stuffed with buttery mashed potato, onion, and sauerkraut to make Polish dumplings.","['2 tablespoons butter', '⅓ cup chopped onion', '1 ½ cups sauerkraut, drained and minced', 'salt and pepper to taste', '3 tablespoons butter', '½ cup chopped onion', '2 cups cold mashed potatoes', '1 teaspoon salt', '1 teaspoon white pepper', '1 (8 ounce) container sour cream', '3 large eggs', '3 cups all-purpose flour', '1 tablespoon baking powder', '¼ teaspoon salt']","Gather all ingredients.
Make sauerkraut filling: Melt butter in a skillet over medium heat. Cook and stir onion in hot butter until translucent, about 5 minutes. Add sauerkraut and cook, stirring occasionally, for 5 more minutes. Season with salt and pepper, then remove to a plate to cool.
Make potato filling: Melt butter in the same skillet over medium heat. Cook and stir onion in hot butter until translucent, about 5 minutes. Stir in mashed potatoes, salt, and white pepper. Remove from heat.
Make dough: Beat together sour cream and eggs in a large bowl until smooth. Sift flour, baking powder, and salt into a separate bowl; stir into sour cream mixture until dough comes together.
Knead dough on a lightly floured surface until firm and smooth.
Divide dough in half, then roll out one half to 1/8-inch thickness. Cut into 3-inch rounds using a biscuit cutter. Place a small spoonful of potato filling into the center of each round.
Moisten edges with water, fold over, and press with a fork to seal. Roll and fill remaining dough half with sauerkraut filling.
Bring a large pot of lightly salted water to a boil. Add pierogies in batches to boiling water and cook until they float to the top, 3 to 5 minutes. Remove with a slotted spoon.
Enjoy!",Dinner,"{'calories': '253 kcal', 'carbohydrateContent': '33 g', 'cholesterolContent': '68 mg', 'fiberContent': '2 g', 'proteinContent': '6 g', 'saturatedFatContent': '6 g', 'sodiumContent': '698 mg', 'sugarContent': '2 g', 'fatContent': '11 g', 'unsaturatedFatContent': '0 g'}",12 servings,https://www.allrecipes.com/thmb/fvQOQ23nX3ZwbR4fnssTN9czKlo=/1500x0/filters:no_upscale():max_bytes(150000):strip_icc()/109914-Pierogi-ddmfs-3x4-8704-c7753a80e1bc40f582abd2be902da620.jpg
4,14,Polish Meat and Potatoes,Kielbasa is cooked on the stovetop with potatoes and onion. This is an old recipe from my grandmother. 'Good Polish-Slovak food!' She would always say. 'Eat more!',"['4 potatoes, peeled and cut into 1 inch cubes', '1 onion, chopped', '2 green bell peppers, cut into 1 inch pieces', '½ teaspoon onion powder', '½ teaspoon garlic powder', '½ teaspoon salt', '¼ teaspoon black pepper', '¼ cup vegetable oil', '1 (16 ounce) package kielbasa sausage, cut into 1 inch pieces']","Heat oil in a large skillet over medium-high heat. Cook onions and potatoes for 15 minutes, stirring occasionally. Reduce flame to med and stir in bell pepper, onion powder, garlic powder, salt and pepper. Cover, and cook 5 minutes. Stir in kielbasa, cover, and cook for 15 minutes, or until onions are caramelized.",Dinner,"{'calories': '661 kcal', 'carbohydrateContent': '46 g', 'cholesterolContent': '75 mg', 'fiberContent': '6 g', 'proteinContent': '19 g', 'saturatedFatContent': '13 g', 'sodiumContent': '1333 mg', 'sugarContent': '6 g', 'fatContent': '45 g', 'unsaturatedFatContent': '0 g'}",4 servings,https://www.allrecipes.com/thmb/OHct0E2qzSk9t9w6a7rF_605YZk=/1500x0/filters:no_upscale():max_bytes(150000):strip_icc()/672586-d485fb2760724783b4ed87310f916009.jpg
5,13,Polish Sausage Kraut Skillet,"For this Polish sausage kraut skillet recipe, sauerkraut and Polish sausages are simmered in a creamy, mild sour cream sauce scented with caraway seed.","['2 tablespoons unsalted butter', '1 onion, sliced', '2 cloves garlic, minced', '2 potatoes, sliced', '1 cup water', '1 cup sliced carrots', '2 tablespoons beef bouillon granules', '1 teaspoon white sugar', '½ teaspoon caraway seeds', '1 (14.5 ounce) can sauerkraut, drained', '1 pound kielbasa sausage', '1 cup sour cream', '2 teaspoons all-purpose flour', 'salt and ground black pepper to taste']","Heat butter in a large skillet with a lid over medium heat. Add onion and garlic; cook and stir until onion is translucent, about 5 minutes. Stir in potatoes, water, carrots, bouillon granules, sugar, and caraway seeds; bring to a boil. Reduce heat to a simmer; cook until potatoes and carrots are tender, stirring occasionally, about 15 minutes.
Layer sauerkraut on top of vegetables; place sausages onto sauerkraut. Cover, and cook until sausages are heated through, about 15 minutes.
Whisk sour cream and flour together in a bowl; stir into sauerkraut mixture. Bring to a simmer until sour cream thickened; season with salt and black pepper.",Dinner,"{'calories': '447 kcal', 'carbohydrateContent': '25 g', 'cholesterolContent': '77 mg', 'fiberContent': '4 g', 'proteinContent': '14 g', 'saturatedFatContent': '15 g', 'sodiumContent': '1640 mg', 'sugarContent': '6 g', 'fatContent': '33 g', 'unsaturatedFatContent': '0 g'}",6 servings,https://www.allrecipes.com/thmb/9KsAIuvPL76Jh3DOKzb1PBzLjvI=/1500x0/filters:no_upscale():max_bytes(150000):strip_icc()/6994536-083e7ca7a3624292a6ca9e32240bc54c.jpg
6,15,Polish Noodles (Cottage Cheese and Noodles),"This family-favorite recipe for pasta with cottage cheese, sour cream, and buttery sautéed onions can be served as either a main course or a side dish.","['½ cup butter', '1 small onion, diced', '1 (16 ounce) package egg noodles', '1 (16 ounce) container cottage cheese', '½ cup sour cream', '½ teaspoon sea salt', '¼ teaspoon ground black pepper']","Melt butter in a saucepan over medium heat. Cook and stir onion in melted butter until softened, 7 to 10 minutes.
Meanwhile, bring a large pot of lightly salted water to a boil. Add egg noodles and cook, stirring occasionally, until partially cooked, about 5 minutes. Drain and return to the pot.
Pour onion mixture over noodles, then stir in cottage cheese, sour cream, salt, and pepper. Cook over medium heat, stirring occasionally, until sauce is heated through and noodles are tender, yet firm to the bite, 5 to 8 minutes.",Dinner,"{'calories': '409 kcal', 'carbohydrateContent': '43 g', 'cholesterolContent': '92 mg', 'fiberContent': '2 g', 'proteinContent': '16 g', 'saturatedFatContent': '11 g', 'sodiumContent': '438 mg', 'fatContent': '20 g', 'unsaturatedFatContent': '0 g'}",8 servings,https://www.allrecipes.com/thmb/jOfulJw4c8wKb-1xECgvDL83TTw=/1500x0/filters:no_upscale():max_bytes(150000):strip_icc()/6478788-polish-noodles-cottage-cheese-and-noodles-LandOfOzzie-1x1-1-e49cbac8f8ea46a69a96bd34126cb3d7.jpg
7,14,Polish Cream Cheese Coffee Cake,A moist coffee cake with a sweet cream cheese center and crunchy pecan topping is the perfect treat to serve at your next brunch.,"['1 cup white sugar', '½ cup unsalted butter', '1 egg', '1 cup sour cream', '1 teaspoon vanilla extract', '3 cups all-purpose flour', '1 teaspoon baking soda', '1 teaspoon baking powder', '2 (8 ounce) packages cream cheese, softened', '½ cup white sugar', '1 egg', '½ cup chopped pecans', '½ cup brown sugar', '⅓ cup all-purpose flour', '⅓ cup unsalted butter']","Preheat the oven to 350 degrees F (175 degrees C). Grease a 9x13-inch baking dish.
Beat 1 cup white sugar, 1/2 cup butter, and 1 egg in a bowl until smooth. Add sour cream and vanilla extract; mix well. Stir in 3 cups flour, baking soda, and baking powder until a sticky dough forms. Spread 1/2 dough evenly into prepared baking dish.
Beat cream cheese, 1/2 cup white sugar, and 1 egg in a separate bowl until smooth; spoon over dough in baking dish. Drop spoonfuls remaining 1/2 dough over filling.
Combine pecans, brown sugar, 1/3 cup flour, and 1/3 cup butter in a bowl until resembles coarse crumble; sprinkle over dough.
Bake in the preheated oven until a toothpick inserted into the center comes out clean, about 45 minutes.","Dessert,Brunch,Breakfast,Snack","{'calories': '575 kcal', 'carbohydrateContent': '60 g', 'cholesterolContent': '114 mg', 'fiberContent': '1 g', 'proteinContent': '9 g', 'saturatedFatContent': '19 g', 'sodiumContent': '371 mg', 'sugarContent': '31 g', 'fatContent': '34 g', 'unsaturatedFatContent': '0 g'}",12 servings,https://www.allrecipes.com/thmb/pwtXMTUVPsLZAJrrWfcMiyHmVAE=/1500x0/filters:no_upscale():max_bytes(150000):strip_icc()/1123715-polish-cream-cheese-coffee-cake-Holiday-Baker-1x1-1-9a79e2e5b0f741df849f6fa1e8ff9201.jpg
8,13,Polish Egg Salad,"This egg salad is quite popular in Poland as a sandwich filling; instead of mayonnaise it is made with cream cheese, onion, and butter.","['1 (8 ounce) package cream cheese, softened', '1 tablespoon butter, softened, or more to taste', '4 hard-boiled eggs, chopped', '1 small onion, chopped', 'salt and ground black pepper to taste', '1 tablespoon chopped fresh parsley, or to taste']","Combine cream cheese and butter in a bowl and mash with a fork. If mixture is too thick, add more softened butter. Mix in eggs and onion. Season with salt and pepper; serve with parsley.",Lunch,"{'calories': '204 kcal', 'carbohydrateContent': '3 g', 'cholesterolContent': '188 mg', 'fiberContent': '0 g', 'proteinContent': '7 g', 'saturatedFatContent': '11 g', 'sodiumContent': '192 mg', 'sugarContent': '1 g', 'fatContent': '19 g', 'unsaturatedFatContent': '0 g'}",6 servings,https://www.allrecipes.com/thmb/O2O9NFYpCi5t_pCqGOKT6X6SIII=/1500x0/filters:no_upscale():max_bytes(150000):strip_icc()/4557057-c321441d0e5346069da907f958bb070a.jpg
9,14,Polish Cabbage Noodles,A buttery saute of shredded cabbage and chopped onion is folded into tender egg noodles to make a quick and comforting dish.,"['1 medium head shredded cabbage', '2 red onions, cut into strips', '½ cup butter', '1 (16 ounce) package wide egg noodles', 'salt to taste', 'ground black pepper to taste']","Cook pasta in a large pot of boiling salted water.
Meanwhile, heat butter or margarine in a skillet over medium heat. Saute cabbage and onions until tender.
Drain pasta, and return to the pot. Add cabbage and onion mixture to the noodles, and toss. Season with salt and pepper to taste.","Dinner,Side Dish","{'calories': '570 kcal', 'carbohydrateContent': '79 g', 'cholesterolContent': '124 mg', 'fiberContent': '8 g', 'proteinContent': '16 g', 'saturatedFatContent': '13 g', 'sodiumContent': '184 mg', 'sugarContent': '9 g', 'fatContent': '23 g', 'unsaturatedFatContent': '0 g'}",5 servings,https://www.allrecipes.com/thmb/QtpRdbdzHXWv23CU7IvLf6TNfRc=/1500x0/filters:no_upscale():max_bytes(150000):strip_icc()/30396-9b1447d9074649db9361cdaa53c467fa.jpg
10,13,Polish Stuffed Cabbage,"Boiled cabbage leaves are filled with a mixture of ground beef, egg, and cooked rice. These are simmered for about an hour with tomato juice, vinegar, sugar, and water.","['1 medium head cabbage', 'water to cover', '1 pound ground beef', '1 cup cooked rice', 'garlic powder to taste', '1 egg', '1 (12 fluid ounce) can tomato juice', '1 tablespoon vinegar', '1 tablespoon white sugar', 'water to cover']","Place the head of cabbage in a large pot over high heat and add water to cover. Boil cabbage for 15 minutes, or until it is pliable and soft. Drain and allow to cool completely.
Remove the hard outer vein from the leaves.
In a separate large bowl, combine the beef, rice, garlic powder and the egg, mixing well.
Place a small amount, about the size of your palm, into the center of a cabbage leaf.
Fold leaf over, tucking in the sides of the leaf to keep meat mixture inside.
Pile up the filled leaves in a large pot, putting the larger leaves on the bottom. Add the tomato juice, vinegar and sugar and enough water to cover. Simmer over medium low heat for about 60 minutes. (Note: Keep an eye on them, making sure the bottom of leaves do not burn.)",Dinner,"{'calories': '331 kcal', 'carbohydrateContent': '20 g', 'cholesterolContent': '95 mg', 'fiberContent': '4 g', 'proteinContent': '17 g', 'saturatedFatContent': '9 g', 'sodiumContent': '253 mg', 'sugarContent': '9 g', 'fatContent': '21 g', 'unsaturatedFatContent': '0 g'}",6 servings,https://www.allrecipes.com/thmb/1TDUIJLiB1qc1_YQwajEF_FpN6w=/1500x0/filters:no_upscale():max_bytes(150000):strip_icc()/16323-polish-stuffed-cabbage-ddmfs-beauty-3x4-5ead78b279bd4270bceac70f81402941.jpg
11,13,Mizeria (Polish Cucumber Salad),Mizeria is a chilled salad made with thinly sliced cucumbers and fresh dill tossed in a tangy sour cream dressing with lemon juice and a pinch of sugar.,"['1 pound small cucumbers, peeled and thinly sliced', 'salt to taste', '1 bunch dill, chopped', '2 ½ tablespoons sour cream', '1 teaspoon lemon juice', '1 pinch white sugar, or to taste', 'ground black pepper to taste']","Place cucumbers into a colander and sprinkle generously with salt; let stand until soft, about 5 minutes. Squeeze liquid from cucumbers and transfer to a bowl with dill.
Mix sour cream, lemon juice, and sugar together in a bowl; add to cucumbers and toss to coat. Season with pepper. Cover and chill for at least 30 minutes before serving.",Lunch,"{'calories': '13 kcal', 'carbohydrateContent': '1 g', 'cholesterolContent': '1 mg', 'fiberContent': '0 g', 'proteinContent': '0 g', 'saturatedFatContent': '0 g', 'sodiumContent': '4 mg', 'sugarContent': '0 g', 'fatContent': '1 g', 'unsaturatedFatContent': '0 g'}",12 servings,https://www.allrecipes.com/thmb/k-u4JJZEYC56cIZlnmXdp0FF8RQ=/1500x0/filters:no_upscale():max_bytes(150000):strip_icc()/1226879-94e3e1d9150e47f49d02fabc4f379ef5.jpg
12,12,Polish Reuben Casserole,"Layers of sauerkraut, egg noodles, a creamy mushroom mixture, Swiss cheese and bread crumbs build up to form this casserole named after the famous sandwich.","['2 (10.75 ounce) cans condensed cream of mushroom soup', '1 ⅓ cups milk', '½ cup chopped onion', '1 tablespoon prepared mustard', '2 (16 ounce) cans sauerkraut, rinsed and squeezed dry', '1 (8 ounce) package egg noodles', '1 ½ pounds kielbasa (Polish) sausage, cut into 1/2 inch pieces', '2 cups shredded Swiss cheese', '¾ cup whole wheat bread crumbs', '2 tablespoons butter, melted']","Preheat oven to 350 degrees F (175 degrees C).
In a medium bowl combine the soup, milk, onion and mustard. Mix well and set aside.
Spread sauerkraut into the bottom of a lightly greased 9x13 inch baking dish. Top with uncooked noodles, then spoon soup mixture evenly over noodles. Cover all with sausage and top with cheese. Lastly, combine bread crumbs and melted butter in a small bowl and mix together; sprinkle mixture over cheese.
Cover baking dish tightly with aluminum foil and bake in the preheated oven for 1 hour, or until noodles are tender.",Dinner,"{'calories': '628 kcal', 'carbohydrateContent': '40 g', 'cholesterolContent': '112 mg', 'fiberContent': '5 g', 'proteinContent': '26 g', 'saturatedFatContent': '17 g', 'sodiumContent': '2176 mg', 'sugarContent': '7 g', 'fatContent': '41 g', 'unsaturatedFatContent': '0 g'}",8 servings,https://www.allrecipes.com/thmb/9kgwWQqXw6bjVGWLznceURu-cVg=/1500x0/filters:no_upscale():max_bytes(150000):strip_icc()/6375579-405cdc7de0834195b1fbd4e02e05526d.jpg
13,13,Polish Mistakes,"A great appetizer that is loved by all, especially men. Serve these meaty, cheesy delights on game day! For later use, place the topped bread on a cookie sheet in the freezer for 1 hour. Once frozen, the slices may be stored in freezer bags.","['1 pound lean ground beef', '1 pound sausage', '1 teaspoon minced onion', '1 pound processed cheese food, cubed', '1 teaspoon dried oregano', '1 ½ tablespoons Worcestershire sauce', '1 (1 pound) loaf cocktail rye bread']","Preheat the broiler.
Place ground beef, sausage and onion in a large, deep skillet. Cook over medium high heat until meat is evenly brown and onions are soft. Drain liquid.
Mix in the processed cheese food, oregano and Worcestershire sauce. Stir continuously until the cheese is melted.
If the bread is not sliced, cut it into thin slices. Spoon approximately 1 tablespoon of the mixture onto each slice. Place the slices in a single layer on a baking pan.
Broil the slices 10 minutes, or until the cheese is slightly browned and the bread is toasted.","Appetizer,Snack","{'calories': '308 kcal', 'carbohydrateContent': '3 g', 'cholesterolContent': '63 mg', 'fiberContent': '0 g', 'proteinContent': '15 g', 'saturatedFatContent': '12 g', 'sodiumContent': '532 mg', 'sugarContent': '0 g', 'fatContent': '26 g', 'unsaturatedFatContent': '0 g'}",15 servings,https://www.allrecipes.com/thmb/92xCHk_394PHcmUhrqc7jWWfaCk=/1500x0/filters:no_upscale():max_bytes(150000):strip_icc()/959294-905b850549aa43cab8e000265a20e323.jpg
14,13,Polish Link Sausage and Cabbage,This is a quick and easy preparation of kielbasa sausage and cabbage simmered in beer and butter.,"['3 tablespoons butter', '½ medium head cabbage, cut into chunks', '1 (16 ounce) package kielbasa sausage, sliced into rounds', '1 (12 fluid ounce) can beer', 'ground black pepper to taste']","Melt butter in a pot over medium heat. Cook and stir cabbage in the butter until tender, about 5 minutes. Add sausage and beer to the cabbage; stir. Season cabbage mixture with pepper. Simmer mixture until the sausage casings begin to shrink, about 20 minutes. Drain liquid from mixture before serving.",Lunch,"{'calories': '529 kcal', 'carbohydrateContent': '12 g', 'cholesterolContent': '104 mg', 'fiberContent': '3 g', 'proteinContent': '16 g', 'saturatedFatContent': '22 g', 'sodiumContent': '1018 mg', 'sugarContent': '6 g', 'fatContent': '43 g', 'unsaturatedFatContent': '0 g'}",4 servings,https://www.allrecipes.com/thmb/lTNYXbgZKE22_m1X6kWB5itVUXE=/1500x0/filters:no_upscale():max_bytes(150000):strip_icc()/3353799-b8bad84c3e48406786c136b15faed59d.jpg
15,12,Polish Chili,"This Polish-style chili combines beef, Polish sausage, fresh chilies, tomatoes, tomatillos, and beans for a unique, delicious twist on traditional chili.","['2 pounds ground beef', '1 pound fully cooked Polish sausage or kielbasa, chopped', '1 large onion, chopped', '3 cloves garlic, minced', '4 Anaheim chilies, stemmed, seeded, and chopped', '3 yellow wax peppers, seeded and chopped', '3 jalapeño peppers, seeded and chopped', '4 medium tomatoes, chopped', '4 tomatillos, husked and chopped', '½ cup distilled white vinegar', '¼ cup tomato sauce', '1 (4 ounce) jar chopped pimentos, drained', '1 (15 ounce) can pinto beans, rinsed and drained', '1 (15 ounce) can kidney beans, rinsed and drained']","Place ground beef into a large pot over medium-high heat. Break meat up while cooking until no longer pink. Drain off excess grease, leaving just enough to coat the bottom of the pot.
Add Polish sausage, onion, garlic, Anaheim chilies, yellow peppers, jalapeño peppers, tomatoes, and tomatillos. Stir to combine. Simmer over medium heat until mixture softens, about 20 minutes.
Add vinegar, tomato sauce, pimentos, pinto beans, and kidney beans. Cover and simmer over medium heat until flavors meld, about 30 minutes.",Dinner,"{'calories': '435 kcal', 'carbohydrateContent': '17 g', 'cholesterolContent': '89 mg', 'fiberContent': '5 g', 'proteinContent': '22 g', 'saturatedFatContent': '12 g', 'sodiumContent': '575 mg', 'sugarContent': '5 g', 'fatContent': '31 g', 'unsaturatedFatContent': '0 g'}",12 servings,https://www.allrecipes.com/thmb/cERlIo6qv-1jKnlbBQHgK0IgV-I=/1500x0/filters:no_upscale():max_bytes(150000):strip_icc()/6260400-bf0b889b21f243fb81d3c74cc6398bed.jpg
16,13,Easy Polish Noodles,"Kluski noodles simmered in chicken broth, also known as Polish noodles, are a staple dish for dinner buffets with Polish sausage and green beans.","['1 (49.5 fluid ounce) can chicken broth', '½ cup water, or as desired', '1 tablespoon chicken soup base, or more to taste', '1 (16 ounce) package kluski noodles']","Combine chicken broth, water, and chicken base in a 6-quart saucepan and bring to a boil. Add kluski noodles, reduce heat, and simmer until liquid is completely absorbed, 30 to 40 minutes.","Dinner,Side Dish","{'calories': '310 kcal', 'carbohydrateContent': '55 g', 'cholesterolContent': '69 mg', 'fiberContent': '3 g', 'proteinContent': '12 g', 'saturatedFatContent': '1 g', 'sodiumContent': '1515 mg', 'sugarContent': '3 g', 'fatContent': '4 g', 'unsaturatedFatContent': '0 g'}",6 servings,https://www.allrecipes.com/thmb/Fk71v6tcvPzM__XIlKa4FyWMm3Q=/1500x0/filters:no_upscale():max_bytes(150000):strip_icc()/3644394-a4a6311c787a42519708fd55b21a3938.jpg
17,12,Klupskies (Polish Burgers),"A traditional family favorite recipe for Polish burgers, or Klupskies, that calls for only a few simple ingredients.","['1 pound ground beef', '1 small onion, diced', '½ green pepper, diced', '1 egg', '2 tablespoons ketchup', '¼ teaspoon sea salt', '2 slices white bread, torn into small pieces', 'cooking spray with olive oil']","Mix ground beef, onion, green pepper, egg, ketchup, and sea salt together in a bowl; mix in white bread pieces until evenly distributed. Form the mixture into 4 patties.
Spray a large skillet with olive oil cooking spray and set over medium heat. Cook the burgers until well-browned on the bottoms, about 10 minutes; flip the burgers and cook until the meat is no longer pink and the juices run clear, 8 to 10 more minutes.",Dinner,"{'calories': '270 kcal', 'carbohydrateContent': '11 g', 'cholesterolContent': '115 mg', 'fiberContent': '1 g', 'proteinContent': '22 g', 'saturatedFatContent': '6 g', 'sodiumContent': '363 mg', 'sugarContent': '3 g', 'fatContent': '15 g', 'unsaturatedFatContent': '0 g'}",4 servings,https://www.allrecipes.com/thmb/8VNP-PJSrlJ6fVwMpFcGZ8JXbGA=/1500x0/filters:no_upscale():max_bytes(150000):strip_icc()/8594250-e9aa2de2fb6c44ac8531134021737bc5.jpg
18,12,Chef John's Bigos (Polish Hunter's Stew),"Chef John's bigos recipe is a meaty Polish hunter's stew. It is usually made with wild game such as venison or boar, but you can use beef or pork, etc.","['¼ cup dried porcini mushrooms', '½ cup warm water', '2 tablespoons unsalted butter', '1 small head green cabbage, quartered and sliced', '2 cups packed, drained sauerkraut (not rinsed)', '4 strips bacon, cut into 1-inch pieces', '1 pound pork shoulder, cut into 1 ½-inch pieces', '1 pound boneless beef chuck, cut into 1-inch pieces', '1 pound Polish sausage links, sliced (or any other sausage)', '1 large onion, peeled and chopped', '3 pitted prunes, diced', '1 cup dry red wine', '1 teaspoon paprika', '1 teaspoon dried thyme leaves', '1 large bay leaf', '½ teaspoon caraway seeds', '¼ teaspoon allspice', 'freshly ground black pepper', 'salt to taste']","Soak mushrooms in warm water in a bowl to soften, 10 to 15 minutes. Drain, then chop.
Meanwhile, melt butter in a heavy pot or Dutch oven over medium-low heat. Add cabbage and sauerkraut; cook, stirring occasionally.
Cook bacon in a skillet over medium-high heat until browned but not crisp; transfer to the pot with cabbage, leaving drippings in skillet.
Add pork shoulder to skillet; sprinkle with salt. Cook and stir over medium-high heat until browned on all sides, 4 to 5 minutes; transfer to the pot. Add beef to skillet; sprinkle with salt. Cook and stir until browned, about 4 or 5 minutes; transfer to the pot. Add sausage to skillet; cook and stir until browned. Transfer to the pot.
Reduce skillet heat to medium. Add onion; sprinkle with salt. Cook and stir until onion translucent and starts to color. Stir in mushrooms and prunes; cook and stir about 2 minutes. Pour in red wine; increase heat to medium-high. Simmer until wine is reduced and very little liquid remains. Transfer onion mixture to the pot; season with paprika, thyme, bay leaf, caraway seeds, allspice, black pepper, and salt. Stir to combine and evenly distribute.
Cover pot tightly; simmer over medium-low heat until meat is tender, 1 to 1 ½ hours, stirring occasionally. Remove from heat; cool stew slightly. Refrigerate to let flavors blend, 8 hours to overnight.
Place pot over low to medium-low heat; add splash of water. Bring stew to a low simmer, stirring occasionally; cook until hot, 10 to 15 minutes.",Dinner,"{'calories': '640 kcal', 'carbohydrateContent': '19 g', 'cholesterolContent': '135 mg', 'fiberContent': '6 g', 'proteinContent': '32 g', 'saturatedFatContent': '20 g', 'sodiumContent': '1174 mg', 'sugarContent': '9 g', 'fatContent': '45 g', 'unsaturatedFatContent': '0 g'}",6 servings,https://www.allrecipes.com/thmb/W-xW3rX-CtRRjSzFkYF5A1RyXLM=/1500x0/filters:no_upscale():max_bytes(150000):strip_icc()/4582617-c355365d6a414c2fa3840ea15559bee0.jpg
19,12,Kotlet Schabowy (Polish Breaded Pork Chop),"Breaded boneless pork chops are pan-fried until golden and crispy in this quick and easy recipe for a Polish staple, kotlet schabowy.","['2 boneless pork chops', 'salt and freshly ground black pepper to taste', '1 tablespoon all-purpose flour', '1 egg', '5 tablespoons bread crumbs', '2 tablespoons vegetable oil, or as needed']","Place pork chops between 2 sheets of heavy plastic on a solid, level surface. Firmly pound with the smooth side of a meat mallet, turning occasionally, until very thin. Season with salt and pepper.
Pour flour onto a large plate. Whisk egg in a wide, shallow bowl. Place breadcrumbs in a separate shallow bowl.
Dredge chops with flour. Dip in whisked egg. Coat with bread crumbs on both sides. Shake off excess coating.
Heat oil in a large skillet over medium-high heat. Add breaded chops; cook until golden brown, about 5 minutes per side.",Dinner,"{'calories': '332 kcal', 'carbohydrateContent': '15 g', 'cholesterolContent': '124 mg', 'fiberContent': '1 g', 'proteinContent': '18 g', 'saturatedFatContent': '5 g', 'sodiumContent': '257 mg', 'sugarContent': '1 g', 'fatContent': '22 g', 'unsaturatedFatContent': '0 g'}",2 servings,https://www.allrecipes.com/thmb/PsAeprjipLvqYj3P2PxK6CRkHc8=/1500x0/filters:no_upscale():max_bytes(150000):strip_icc()/4537037-9b3beffb49834b51afe6cd3ad587bd6e.jpg
20,12,Polish Potato Soup,"What makes this Polish potato soup extraordinary is the addition of chopped dill pickle, pickle juice, and plenty of fresh dill. These ingredients, plus tangy sour cream, create a delicious, complex, comforting potato soup.","['2 tablespoons olive oil', '4 ounces kielbasa sausage, quartered and sliced 1/4-inch thick', '1 yellow onion, chopped', '2 ribs celery, cut into 1/2-inch pieces', '2 carrots, cut into 1/2-inch pieces', '2 1/2 pounds Yukon gold potatoes, peeled', '4 cups chicken broth', '1 1/2 cups water, or as needed', '1 teaspoon salt, or to taste', '1/4 teaspoon ground black pepper, or to taste', '1 pinch cayenne pepper, or to taste', '3/4 cup dill pickle', '1/4 cup pickle juice', '1/2 cup fresh dill, divided', '1/3 cup sour cream']","Heat oil in a soup pot over medium heat and add kielbasa. Cook, stirring, for a few minutes to flavor the oil. Add onions, celery, and carrots, and cook, stirring, until onions turn translucent, about 5 minutes.
Meanwhile, quarter potatoes and cut into 1/4-inch thick slices. Transfer about 1/3 of the potatoes into cold water, and reserve in the refrigerator until needed. Stir remaining sliced potatoes into the vegetables.
Add broth, water, salt, pepper, cayenne, pickles, pickle juice, and half the fresh chopped dill. Raise the heat to high, and wait for soup to start to simmer. While soup is coming up to temperature, stir in sour cream.
Reduce heat to medium-low, and simmer, stirring occasionally, until potatoes are tender, 40 to 45 minutes. Use a potato masher to break up potatoes.
Drain and add the reserved sliced potatoes, and let soup simmer until potatoes are very soft and tender, about 40 to 45 minutes more. During the last 30 minutes, be careful to stir gently to maintain whole pieces of potato.
Taste for seasoning and adjust. Stir in remaining dill, and serve immediately, garnished with more sour cream and dill.","Dinner,Entree,Soup","{'calories': '343 kcal', 'carbohydrateContent': '49 g', 'cholesterolContent': '25 mg', 'fiberContent': '6 g', 'proteinContent': '9 g', 'saturatedFatContent': '4 g', 'sodiumContent': '1663 mg', 'sugarContent': '8 g', 'fatContent': '13 g', 'unsaturatedFatContent': '0 g'}",6 servings,https://www.allrecipes.com/thmb/XEK3S21AKdJJdB4PzdtdIU7T1Zc=/1500x0/filters:no_upscale():max_bytes(150000):strip_icc()/8550310_Polish-Potato-Soup_John-Mitzewich_4x3-ad8e20f7c1ca46cebefada8cd225ed04.jpg
21,11,Polish Cherry Cake,This cherry cake recipe makes a moist yogurt cake topped with fresh sweet cherries baked to golden perfection for a traditional Polish cherry cake.,"['1 cup white sugar', '2 ½ cups all-purpose flour', '1 tablespoon baking powder', '1 teaspoon baking soda', '1 tablespoon butter', '2 cups pitted fresh sweet cherries', '1 tablespoon white sugar', '½ cup olive oil', '4 large eggs', '1 (6 ounce) container plain yogurt', '1 tablespoon olive oil (Optional)']","Preheat the oven to 350 degrees F (175 degrees C). Whisk 1 cup sugar, flour, baking powder, and baking soda in a mixing bowl until evenly combined.
Melt butter in a skillet over medium heat. Cook and stir pitted cherries in the butter until tender, sprinkling them with 1 tablespoon of sugar, 8 to 10 minutes. Set aside.
Form a well in the center of the dry ingredients, and pour in 1/2 cup olive oil, eggs, and yogurt; lightly stir the mixture to make a soft dough. Scrape batter into a 9x12-inch baking dish. Drizzle with 1 tablespoon of olive oil (if using), and top with cherries.
Bake in the preheated oven until cake is set and golden on top and a toothpick inserted into the center of the cake comes out clean, about 40 minutes.",Dessert,"{'calories': '313 kcal', 'carbohydrateContent': '43 g', 'cholesterolContent': '65 mg', 'fiberContent': '1 g', 'proteinContent': '6 g', 'saturatedFatContent': '3 g', 'sodiumContent': '229 mg', 'sugarContent': '22 g', 'fatContent': '14 g', 'unsaturatedFatContent': '0 g'}",12 servings,https://www.allrecipes.com/thmb/WlAF0fGPqs2W-VqBwwzihgHqXP4=/1500x0/filters:no_upscale():max_bytes(150000):strip_icc()/668077-4600a743d7144e3da12d0057c619aab0.jpg
22,12,Polish Sausage Soup,"New potatoes are simmered with onion, celery, carrots and kielbasa in this simple soup.","['12 small red new potatoes', '2 onions, diced', '4 stalks celery, chopped', '1 pound baby carrots', '2 pounds kielbasa, diced']","In a large pot over medium heat, combine potatoes, onion, celery, carrots and sausage. Cover with water. Bring to a boil, then reduce heat and simmer 1 hour.",,"{'calories': '780 kcal', 'carbohydrateContent': '77 g', 'cholesterolContent': '100 mg', 'fiberContent': '9 g', 'proteinContent': '25 g', 'saturatedFatContent': '14 g', 'sodiumContent': '1459 mg', 'sugarContent': '11 g', 'fatContent': '42 g', 'unsaturatedFatContent': '0 g'}",6 servings,https://www.allrecipes.com/thmb/cAg34BStV8SNmCas1yIFbAztiwg=/1500x0/filters:no_upscale():max_bytes(150000):strip_icc()/767831-a0d892aa51c54cb692fdd1c33080e1ec.jpg
23,11,Polish Nalesniki,"Sweet cheese filling goes well with sweet Polish nalesniki, also known as Polish blintzes or filled crepes.","['2 cups ricotta cheese', '3 ounces cream cheese, softened', '1 egg yolk', '2 tablespoons butter, melted', '1 tablespoon white sugar', '1 teaspoon vanilla extract', '½ teaspoon salt', '12 crepes', '1 tablespoon butter, divided']","Process ricotta cheese and cream cheese in a food processor until smooth and creamy; add egg yolk, melted butter, sugar, vanilla extract, and salt and process until fluffy.
Divide cheese mixture between the crepes. Spread filling into a thin layer and roll crepes around the filling.
Melt 1 teaspoon butter in a skillet over medium heat. Fry 3 crepes in melted butter until heated through, 1 to 2 minutes per side; repeat with remaining butter and crepes.",,"{'calories': '290 kcal', 'carbohydrateContent': '24 g', 'cholesterolContent': '194 mg', 'fiberContent': '1 g', 'proteinContent': '10 g', 'saturatedFatContent': '7 g', 'sodiumContent': '216 mg', 'sugarContent': '6 g', 'fatContent': '17 g', 'unsaturatedFatContent': '0 g'}",12 servings,https://www.allrecipes.com/thmb/qSdsqUIC8VTb82D-bbogXQSwyWY=/1500x0/filters:no_upscale():max_bytes(150000):strip_icc()/2194906-93ed9424f8714783a2ccd25528d60fd2.jpg
24,11,Grandmother's Polish Cabbage and Noodles,"Tender cabbage, bow tie pasta, and ham combine in an easy, quick, and hearty meal with Polish origins. It's a great next-day dish to use up ham leftovers.","['¼ cup butter', '1 head cabbage, cored and chopped', '1 large onion, diced', '1 (12 ounce) package farfalle (bow tie) pasta', '2 tablespoons water', '1 ½ cups cooked ham, cut into bite-size pieces', '2 pinches white sugar, or to taste']","Melt butter in a large skillet over medium-low heat; cook and stir cabbage and onion until very tender, about 30 minutes.
Fill a large pot with lightly salted water and bring to a rolling boil. Stir in bow tie pasta and return to a boil. Cook pasta until tender but still slightly firm, about 12 minutes. Drain well and set aside.
Stir water and cooked ham into cabbage mixture; heat through. Thoroughly mix in sugar.
Gently stir bow tie pasta into the ham and cabbage and heat through.",Dinner,"{'calories': '618 kcal', 'carbohydrateContent': '82 g', 'cholesterolContent': '59 mg', 'fiberContent': '11 g', 'proteinContent': '25 g', 'saturatedFatContent': '11 g', 'sodiumContent': '709 mg', 'sugarContent': '14 g', 'fatContent': '23 g', 'unsaturatedFatContent': '0 g'}",4 servings,https://www.allrecipes.com/thmb/RhO5UZI-TpALHy7nRCJRc8AUqOw=/1500x0/filters:no_upscale():max_bytes(150000):strip_icc()/1192753-5df62b2454c14170b35c124c2a4f8618.jpg
25,11,Bigos (Polish Hunter's Stew),"This bigos (Polish hunter's stew) recipe is for a well-loved Polish flavorful stew with sauerkraut, meat, bacon, mushrooms, caraway seeds, and red wine.","['3 pounds sauerkraut, rinsed, drained, and chopped', '9 cups boiling water, divided', '15 pitted prunes', '5 whole allspice berries', '3 bay leaves', '1 cup dried mushrooms', '8 ounces beef stew meat, cubed', '8 ounces boneless pork shoulder, cubed', '½ cup diced bacon strips', '2 tablespoons vegetable oil', '2 onions, chopped', '1 Polish sausage, sliced', '¾ cup red wine', '1 tablespoon caraway seeds', '1 teaspoon dried marjoram', 'salt and ground black pepper to taste', '3 tablespoons tomato paste (Optional)']","Place sauerkraut in a large pot; pour in 4 cups boiling water. Add prunes, allspice berries, and bay leaves; simmer until sauerkraut is soft, about 50 minutes.
Meanwhile, pour about 1 cup boiling water over mushrooms in a bowl; soak to rehydrate, about 30 minutes. Drain, reserving liquid; chop mushrooms.
Meanwhile, bring remaining 4 cups water to a boil in saucepan. Add beef, pork, and bacon; simmer until cooked through, about 20 minutes, then drain.
Meanwhile, heat oil in a skillet over medium to high heat. Add onions and sausage; cook and stir until onions are soft and sausage is browned, about 5 minutes.
When sauerkraut is soft, add mushrooms, meat mixture, and sausage mixture; stir well. Simmer, uncovered, over low heat, about 20 minutes.
Pour in red wine; cook until flavors are well blended, about 15 minutes. Season with caraway seeds, marjoram, salt, and black pepper; stir in tomato paste. If stew seems too dry, add some reserved mushroom liquid, and simmer until flavors combined, about 5 minutes.",Dinner,"{'calories': '657 kcal', 'carbohydrateContent': '54 g', 'cholesterolContent': '90 mg', 'fiberContent': '12 g', 'proteinContent': '33 g', 'saturatedFatContent': '11 g', 'sodiumContent': '2486 mg', 'sugarContent': '18 g', 'fatContent': '35 g', 'unsaturatedFatContent': '0 g'}",6 servings,https://www.allrecipes.com/thmb/mMPV37jtp6Bg_nnUFQ4N_HjwRGs=/1500x0/filters:no_upscale():max_bytes(150000):strip_icc()/4540653-dff72dc0edd542db9f5cb2af84ee84a7.jpg
26,11,Pierogi (Traditional Polish Dumplings),"This Polish pierogi recipe is from my grandmother and has been handed down in our family for generations. They are filled with white cheese, potatoes, and mushrooms.","['3 tablespoons vegetable oil, or as needed', '3 onions, chopped', '2 ½ cups mushrooms, peeled and sliced', '7 potatoes, peeled and boiled', ""1 ⅓ (15 ounce) containers farmer's cheese"", '1 tablespoon sour cream', 'salt and ground black pepper to taste', '8 cups all-purpose flour, or more as needed', '2 large eggs', '6 tablespoons unsalted butter, room temperature', '2 cups lukewarm water']","Prepare filling: Heat oil in a large skillet over medium heat. Cook and stir onions and mushrooms in hot oil until soft, about 15 minutes. Remove from heat and set aside.
Pass potatoes and farmer's cheese separately through a food grinder or food processor; place both in a large bowl. Add onion-mushroom mixture, sour cream, salt, and pepper; mix until well combined and set filling aside.
Make dough: Place flour on a clean work surface and form a well in the center. Crack eggs into the well. Add butter and a few tablespoons warm water. Mix with your hands, gradually adding more warm water, 1 tablespoon at a time, as you go. Knead until dough is soft and smooth, adding more flour to the work surface as needed.
Roll out 1/4 of the dough to an 1/8-inch thickness. Use a glass or round cookie cutter to cut out circles, saving any excess dough for your next batch. Place 1 teaspoon filling in the center of each dough circle. Fold dough over into a half-moon shape and pinch edges together to seal. Cover pierogi with a clean dish towel and repeat with remaining dough and filling.
Bring a large pot of salted water to a gentle boil. Cook pierogi in batches, about 20 at a time, in boiling water until they float to the surface, 10 to 15 minutes. Remove with a slotted spoon to a strainer to drain.",Dinner,"{'calories': '76 kcal', 'carbohydrateContent': '11 g', 'cholesterolContent': '9 mg', 'fiberContent': '1 g', 'proteinContent': '3 g', 'saturatedFatContent': '1 g', 'sodiumContent': '14 mg', 'sugarContent': '1 g', 'fatContent': '2 g', 'unsaturatedFatContent': '0 g'}",80 servings,https://www.allrecipes.com/thmb/baIgt6UW7pcUbcqgkCMCwpy_LZ8=/1500x0/filters:no_upscale():max_bytes(150000):strip_icc()/5068160-c62ba96822c84362b870e2772efa734e.jpg
27,11,Polish Bean and Sausage Stew Recipe,"A hearty and satisfying Polish stew with cannellini beans, kielbasa, bacon, and tomatoes that sticks to the bones on a cold winter's night.","['2 ½ cups dry cannellini beans', '1 tablespoon vegetable oil', '10 slices bacon, cubed', '½ (16 oz) ring kielbasa sausage, cubed', '2 onions, chopped', '2 bay leaves', '4 whole allspice berries', '1 (14.5 ounce) can chopped tomatoes', 'dried marjoram, or to taste', '1 clove garlic, minced', 'salt and ground black pepper to taste', '1 tablespoon butter', '1 tablespoon all-purpose flour', '1 teaspoon paprika (Optional)']","Place cannellini beans into a large container and cover with several inches of cool water; let soak 8 hours to overnight. Drain and add to a large pot. Cover with fresh water and cook on low heat until beans are tender, 45 minutes to 1 hour.
Meanwhile, heat oil in a skillet over medium-high heat while beans are cooking. Add bacon and sausage and cook until browned, 5 to 10 minutes. Transfer meats to a bowl, reserving some of the grease in the skillet.
Cook onions in the reserved grease until browned, 5 to 10 minutes. Add to bowl with meats.
Stir meat mixture, bay leaves, and allspice into the cooked beans and bring to a simmer. Add tomatoes, marjoram, garlic, salt, and pepper, and continue to simmer, 10 to 15 minutes. Add water if there is not enough liquid in the pot.
Melt butter in a small saucepan over low heat, add flour, and stir into a paste. Remove from heat and add to stew; stir in paprika powder. Simmer until stew has thickened, about 15 minutes.",Dinner,"{'calories': '817 kcal', 'carbohydrateContent': '89 g', 'cholesterolContent': '74 mg', 'fiberContent': '22 g', 'proteinContent': '47 g', 'saturatedFatContent': '14 g', 'sodiumContent': '1225 mg', 'sugarContent': '9 g', 'fatContent': '31 g', 'unsaturatedFatContent': '0 g'}",4 servings,https://www.allrecipes.com/thmb/P9FNjH4kESHxPlcbjSbjtoW2wtQ=/1500x0/filters:no_upscale():max_bytes(150000):strip_icc()/4573370-f959fa8ac6d14f16b41e691f24c45fb8.jpg
28,11,Authentic Polish Pickle Soup (Zupa Orgorkowa),Authentic Polish pickle soup (zupa orgórkowa) is a traditional chicken and vegetable soup. It gets it's zing from thinly sliced pickles and sour cream.,"['2 chicken leg quarters, skin removed', '5 cups water, or as needed to cover', '½ small head green cabbage, chopped', '2 carrots, peeled and sliced', '2 stalks celery, sliced', '1 onion, sliced', '3 tablespoons chopped fresh parsley', '2 bay leaves', '1 clove garlic, minced', '1 pinch ground thyme', '1 pinch dried marjoram', 'salt and ground black pepper to taste', '4 small dill pickles, thinly sliced', '¼ cup sour cream', '1 tablespoon all-purpose flour']","Place chicken leg quarters in a large pot; cover with water. Add cabbage, carrots, celery, onion, parsley, bay leaves, garlic, thyme, marjoram, salt, and black pepper.
Cover pot; bring to a simmer over medium heat. Cook about 1 hour; transfer 1 cup soup broth to a saucepan. Add pickles to broth in saucepan; simmer over medium-low heat for about 15 minutes. Pour pickle broth into soup in pot.
Combine sour cream and flour in a bowl; stir into soup. Bring to a boil until thickened, about 5 minutes. Serve immediately.","Dinner,Soup","{'calories': '206 kcal', 'carbohydrateContent': '11 g', 'cholesterolContent': '67 mg', 'fiberContent': '3 g', 'proteinContent': '16 g', 'saturatedFatContent': '4 g', 'sodiumContent': '425 mg', 'sugarContent': '4 g', 'fatContent': '11 g', 'unsaturatedFatContent': '0 g'}",6 servings,https://www.allrecipes.com/thmb/m22ffWzdO7xR8xMm_vuu2oEorOI=/1500x0/filters:no_upscale():max_bytes(150000):strip_icc()/1107012-774ccd4640af4e39bacf856067ef6e24.jpg
29,11,Polish Sauerkraut and Carrot Salad,"This traditional Polish salad with sauerkraut, carrots, and apple is packed with vitamin C and natural probiotics and popular in the winter.","['4 cups sauerkraut, drained', '1 onion, chopped', '1 apple - peeled, cored, and grated', '2 carrots, grated', '¼ cup canola oil', '3 tablespoons sugar', '1 teaspoon caraway seeds, or more to taste', 'salt and ground black pepper to taste']","Place sauerkraut in a colander and squeeze out all excess liquid using your hands; chop well.
Combine sauerkraut, onion, apple, and carrots in a large bowl and mix. Add oil and sugar and toss to combine. Season with caraway seeds, salt, and pepper. Refrigerate 30 minutes before serving.",Dinner,"{'calories': '235 kcal', 'carbohydrateContent': '27 g', 'fiberContent': '6 g', 'proteinContent': '2 g', 'saturatedFatContent': '1 g', 'sodiumContent': '990 mg', 'sugarContent': '18 g', 'fatContent': '14 g', 'unsaturatedFatContent': '0 g'}",4 servings,https://www.allrecipes.com/thmb/UJYbDEHsWCJXr7CtatEj6EIsw1Q=/1500x0/filters:no_upscale():max_bytes(150000):strip_icc()/4541340-adce24ba387b4dcf819e34296b52f4bf.jpg
30,11,Polish Cabbage Roll Soup,"Chef John's cabbage roll soup tastes exactly like Polish-style cabbage rolls, because it has all the same ingredients. This delicious and comforting one-pot soup satisfies the exact same craving, but involves a fraction of the work.","['1/2 cup unsalted butter', '1 yellow onion,', '2 1/2 teaspoons kosher salt', '1 pound ground beef', '3 cloves garlic', '1 teaspoon ground black pepper', '1 pinch cayenne pepper', '1 bay leaf', '2 1/2 cups beef broth', '3 cups crushed or puréed tomatoes', '1 1/2 cups water', '2 1/2 pounds green cabbage', '1 cup long grain white rice', '3/4 cup chopped Italian parsley,']","Set a soup pot over medium-high heat and melt butter. Add onion and salt, and cook, stirring, until onions turn soft and translucent, 4 to 5 minutes.
Add ground beef and cook, stirring and breaking up large clumps, until meat is browned and broken into small crumbles, about 5 minutes.
Season with garlic, black pepper, cayenne, and bay leaf; cook and stir for 1 minute. Pour in beef broth, increase heat to high, and bring to a boil. Stir in cabbage, reduce heat to medium, and cook until cabbage is just tender, 10 to 15 minutes.
Pour in tomatoes and water, and continue to simmer, 10 to 15 minutes more. Stir in rice and half the parsley; simmer over medium heat until rice is tender and soup thickens, about 20 minutes. If soup becomes too thick as it simmers, add a little more beef broth and/or water. Season to taste with salt.","Dinner,Entree,Soup","{'calories': '358 kcal', 'carbohydrateContent': '22 g', 'cholesterolContent': '81 mg', 'fiberContent': '5 g', 'proteinContent': '21 g', 'saturatedFatContent': '11 g', 'sodiumContent': '911 mg', 'sugarContent': '9 g', 'fatContent': '22 g', 'unsaturatedFatContent': '0 g'}",8 servings,https://www.allrecipes.com/thmb/_D50TPl2yzJgklGddaopIQSnpu0=/1500x0/filters:no_upscale():max_bytes(150000):strip_icc()/11699185_Polish-Cabbage-Soup_John-Mitzewich_4x3-3277352312da40c68b814c6d1322abe8.jpg
31,11,Polish Pickle Soup,"This easy-to-make Polish-style dill pickle soup recipe, features pickles, carrots, potatoes, broth, milk, and seasonings. It's comfort food in a bowl.","['1/4 cup butter', '4 medium potatoes, diced', '1 pound carrots, sliced', '1 ½ cups finely chopped dill pickles', '½ cup all-purpose flour', '3 tablespoons dill pickle juice', '2 tablespoons minced garlic', '1 tablespoon Worcestershire sauce', '1 tablespoon onion salt', '1 tablespoon white sugar', '1 ½ teaspoons dried dill weed', '1 teaspoon curry powder', '½ teaspoon ground white pepper', '9 cups chicken broth', '2 cups warm milk', '2 bay leaves', 'salt to taste']","Melt butter in a stock pot over medium-low heat. Add potatoes and carrots; cook until beginning to soften, stirring occasionally, about 10 minutes.
Stir in pickles, flour, pickle juice, garlic, Worcestershire sauce, onion salt, sugar, dill, curry powder, and white pepper. Add broth, milk, and bay leaves; simmer until vegetables are soft and soup reduces slightly, about 1 hour. Season with salt.",Dinner,"{'calories': '207 kcal', 'carbohydrateContent': '31 g', 'cholesterolContent': '23 mg', 'fiberContent': '4 g', 'proteinContent': '6 g', 'saturatedFatContent': '4 g', 'sodiumContent': '2022 mg', 'sugarContent': '8 g', 'fatContent': '7 g', 'unsaturatedFatContent': '0 g'}",10 servings,https://www.allrecipes.com/thmb/ky1xGxgpN4smYKLKLF9VMIgHmuM=/1500x0/filters:no_upscale():max_bytes(150000):strip_icc()/6553009-e7ddfbb4c2b94df89ba83771b269e477.jpg
32,11,Rogaliki (Polish Jam-Filled Crescents),"Similar to Russian rugelach, rogaliki are a traditional Polish sweet, a mixture between a pastry and a cookie. You'll love the soft texture and jam filling.","['3 ½ ounces compressed fresh yeast', '7 tablespoons milk', '5 ½ cups all-purpose flour, or more as needed', '2 ¼ cups unsalted butter, at room temperature', '4 tablespoons sour cream', '4 tablespoons white sugar', '2 eggs', '3 egg yolks', '1 ½ cups plum jam', ""2 ½ cups confectioners' sugar"", '2 tablespoons water, or as needed']","Stir milk and yeast together in a bowl until smooth. Set aside until foamy, about 10 minutes.
Preheat the oven to 350 degrees F (175 degrees C). Line a baking sheet with parchment paper.
Combine flour, butter, sour cream, sugar, eggs, and egg yolks in a large bowl. Stir in yeast mixture. Mix well using an electric mixer at first, then using your hands.
Turn out dough onto a floured work surface and knead until smooth, adding more flour, 1 tablespoon at a time, if dough is sticking to your hands. Form dough into a long log and cut into 1 1/2-inch rounds. Cover rounds with a cloth.
Roll each round of dough into a thin circle. Cut the circle into six triangles, as you would a pizza. Place 1 teaspoon jam at the wider end of each triangle, then roll up like a croissant. Place on the prepared baking sheet. Repeat until all the dough is used up.
Bake in the preheated oven until rogaliki have risen and are golden brown, about 20 minutes. Remove from oven and cool completely, about 30 minutes.
Place confectioners' sugar in a bowl and stir in water, 1 tablespoon at a time, until a drizzling consistency is reached. Drizzle icing over cooled rogaliki.",Dessert,"{'calories': '236 kcal', 'carbohydrateContent': '31 g', 'cholesterolContent': '53 mg', 'fiberContent': '1 g', 'proteinContent': '3 g', 'saturatedFatContent': '7 g', 'sodiumContent': '9 mg', 'sugarContent': '17 g', 'fatContent': '12 g', 'unsaturatedFatContent': '0 g'}",40 servings,https://www.allrecipes.com/thmb/85RQDvCp4Iz9ngUH4eraAXTUSn8=/1500x0/filters:no_upscale():max_bytes(150000):strip_icc()/5171050-65388ccea13d40819278a653dbfad00f.jpg
33,11,Polish Poppy Seed Cake,"This traditional Polish poppy seed cake has a shortcrust base filled with a creamy poppy seed filling, and topped with a thick sugar glaze.","['3 ½ cups poppy seeds', 'boiling water to cover', '5 eggs, separated', '9 tablespoons margarine', '1 cup white sugar', '2 apple - peeled, cored, and grated', '½ cup chopped walnuts', '½ cup raisins', '3 tablespoons honey', '3 tablespoons dry bread crumbs', '1 teaspoon almond extract', '1 ½ cups all-purpose flour', '¾ cup margarine', '⅓ cup white sugar', '1 large egg', '1 teaspoon baking powder', ""2 cups confectioners' sugar"", '⅓ cup boiling water']","Place poppy seeds in a small pot, cover with boiling water, and set aside for 24 hours.
Line a colander with a cheesecloth and spoon in the poppy seeds. Allow draining for several hours. Once drained, transfer to a food processor and process until fine.
Combine 1 1/2 cups flour, 3/4 cup margarine, 1/3 cup sugar, 1 egg, and baking powder in a large bowl and knead into a smooth dough.
Preheat the oven to 350 degrees F (175 degrees C). Grease a deep 9x13-inch deep pan and line it with parchment paper.
Roll out dough on a slightly floured surface and place in the prepared sheet pan.
Combine egg yolks, 9 tablespoons margarine, and 1 cup sugar in a large bowl; beat with an electric mixer until light and fluffy. Beat in drained poppy seeds gradually. Add apples, walnuts, raisins, honey, bread crumbs, and almond extract; mix well.
Beat egg whites in a glass, metal, or ceramic bowl until stiff peaks form. Lift your beater or whisk straight up: egg whites will form sharp peaks. Fold egg whites into poppy seed mixture; spread over dough in the sheet pan.
Bake in the preheated oven for 1 hour until cake is set; transfer to a wire rack to cool.
Mix enough boiling water with confectioners' sugar to form a smooth icing. Spread generously over cooled cake.",Dessert,"{'calories': '581 kcal', 'carbohydrateContent': '64 g', 'cholesterolContent': '67 mg', 'fiberContent': '5 g', 'proteinContent': '10 g', 'saturatedFatContent': '5 g', 'sodiumContent': '256 mg', 'sugarContent': '48 g', 'fatContent': '34 g', 'unsaturatedFatContent': '0 g'}",15 servings,https://www.allrecipes.com/thmb/gwwC80dvJA7RfghdVbFlu0AUd9k=/1500x0/filters:no_upscale():max_bytes(150000):strip_icc()/4543037-1725000dab7047b692441dc372d46300.jpg
34,10,Polish Gołąbki (Stuffed Cabbage Rolls),"These Polish gołąbki or stuffed cabbage rolls are filled with ground beef, rice, and onion and cooked in a sauce of canned golden mushroom soup.","['2 heads cabbage, cored', '2 tablespoons margarine', '2 onions, diced', '4 pounds ground beef', '2 (10.5 ounce) cans chicken with rice soup', '2 cups rice', '2 eggs', '1 teaspoon dried marjoram, or to taste', 'salt and ground black pepper to taste', '1 (10.75 ounce) can golden mushroom soup']","Preheat the oven to 350 degrees F (175 degrees C).
Bring a large pot of water to a boil. Cook cabbage in boiling water until leaves are falling off. Remove leaves from water as they peel off and set aside.
Melt margarine in a large skillet over medium heat. Cook onions in hot margarine until translucent, 5 to 7 minutes.
Mix together cooked onions, ground beef, chicken with rice soup, rice, eggs, marjoram, salt, and pepper in a large bowl.
Take a cabbage leaf, lay it flat, and trim the thickest part toward the bottom of leaf to make it easier to roll; repeat with all leaves. Take darker outside leaves and line the bottom of a roasting pan with them.
Scoop a portion of beef meat mixture into a leaf and wrap leaf around mixture, enveloping meat completely. Repeat until all of the beef mixture is used. Arrange stuffed cabbage leaves into the roasting pan. Top with any remaining cabbage leaves. Cover the roasting pan with aluminum foil.
Bake in the preheated oven for 1 hour and 45 minutes. Remove aluminum foil, peel back top layer of extra cabbage leaves, and pour golden mushroom soup over stuffed cabbage leaves. Replace top cabbage leaves, return the roasting pan to the oven, and continue baking until soup is hot, about 15 minutes.",Dinner,"{'calories': '311 kcal', 'carbohydrateContent': '27 g', 'cholesterolContent': '78 mg', 'fiberContent': '4 g', 'proteinContent': '20 g', 'saturatedFatContent': '5 g', 'sodiumContent': '401 mg', 'sugarContent': '5 g', 'fatContent': '14 g', 'unsaturatedFatContent': '0 g'}",20 servings,https://www.allrecipes.com/thmb/1L2bQgZzvlHkgsLCFn1X0pfua30=/1500x0/filters:no_upscale():max_bytes(150000):strip_icc()/4590145-130efdd36411469099b2ff9515ef787a.jpg
35,11,Super Easy Polish Cabbage Rolls,"A simplified chicken cabbage roll recipe, made here with rice, tomato, and ground chicken, tastes great with less work for this classic dish.","['⅔ cup uncooked white rice', '1 ⅓ cups water', '1 large head cabbage', '2 tablespoons butter', '1 onion, finely chopped', '1 ½ pounds ground chicken', '2 eggs', '4 cloves garlic, pressed', 'salt and ground black pepper to taste', '1 pinch dried marjoram', '2 (8 ounce) cans tomato sauce']","Preheat the oven to 375 degrees F (190 degrees C). Grease a 9x13-inch baking dish.
Bring rice and water to a boil in a saucepan over high heat. Reduce heat to medium-low, cover, and simmer until rice is tender and the liquid has been absorbed, 20 to 25 minutes. Allow rice to cool slightly.
Meanwhile, bring a large pot of water to a boil. Remove the core from the cabbage, and place cabbage in the boiling water. Remove the outer leaves as they soften. Set leaves aside.
Heat butter in a skillet over medium heat, and cook and stir onion until softened and translucent, about 5 minutes. Stir together cooked onion, ground chicken, cooked rice, eggs, garlic, salt, pepper, and marjoram in a bowl.
Place some of the meat mixture in the center of each cabbage leaf. Roll leaf and tuck ends in to enclose filling. Secure each roll with a toothpick if necessary. Place rolls into the prepared baking dish. Pour tomato sauce over the rolls.
Bake, covered, in the preheated oven until the meat in the rolls is no longer pink, 45 to 60 minutes. An instant-read thermometer inserted into the center of the casserole should read at least 160 degrees F (70 degrees C).",Dinner,"{'calories': '273 kcal', 'carbohydrateContent': '28 g', 'cholesterolContent': '106 mg', 'fiberContent': '6 g', 'proteinContent': '25 g', 'saturatedFatContent': '3 g', 'sodiumContent': '408 mg', 'sugarContent': '9 g', 'fatContent': '7 g', 'unsaturatedFatContent': '0 g'}",8 servings,https://www.allrecipes.com/thmb/trk7IQNEPw1XM4iKK-0SiXEJFD4=/1500x0/filters:no_upscale():max_bytes(150000):strip_icc()/8559802-eaf7180e189d40f594ae86bbc65552db.jpg
36,10,Mom's Polish Stewed Cabbage,"This family hand-me-down recipe is a mixture of cabbage, onion, garlic, tomato, caraway seed, and smoked sausage for a hearty Polish-style meal.","['2 tablespoons olive oil', '2 onions, chopped', '1 clove garlic, or more to taste, minced', '1 medium head cabbage, cut into squares', '1 teaspoon white vinegar', '1 teaspoon caraway seeds', '1 teaspoon white sugar', '1 pound kielbasa sausage, cut into chunks', '1 (14.5 ounce) can stewed tomatoes (with garlic and olive oil)', '¼ cup salsa', 'salt and ground black pepper to taste']","Heat olive oil in a Dutch oven over medium heat. Cook and stir onions and garlic in hot oil until onion is translucent, 3 to 5 minutes.
Stir cabbage, vinegar, caraway seeds, and sugar with the onion mixture; bring to a simmer and cook until the cabbage is softened, about 15 minutes.
Stir sausage, tomatoes, and salsa with the cabbage mixture; season with salt and pepper. Place a cover on the Dutch oven and cook until cabbage is completely tender, 45 to 60 minutes.",Side Dish,"{'calories': '273 kcal', 'carbohydrateContent': '17 g', 'cholesterolContent': '38 mg', 'fiberContent': '5 g', 'proteinContent': '10 g', 'saturatedFatContent': '6 g', 'sodiumContent': '716 mg', 'sugarContent': '9 g', 'fatContent': '19 g', 'unsaturatedFatContent': '0 g'}",8 servings,https://www.allrecipes.com/thmb/OO6aoz34zbgQRfnOsB6NQn2Dd8o=/1500x0/filters:no_upscale():max_bytes(150000):strip_icc()/2269231-e1a18fbd60a64e7da574971121d6e9b4.jpg
37,11,Rogaliki (Polish Jam-Filled Crescents),"Similar to Russian rugelach, rogaliki are a traditional Polish sweet, a mixture between a pastry and a cookie. You'll love the soft texture and jam filling.","['3 ½ ounces compressed fresh yeast', '7 tablespoons milk', '5 ½ cups all-purpose flour, or more as needed', '2 ¼ cups unsalted butter, at room temperature', '4 tablespoons sour cream', '4 tablespoons white sugar', '2 eggs', '3 egg yolks', '1 ½ cups plum jam', ""2 ½ cups confectioners' sugar"", '2 tablespoons water, or as needed']","Stir milk and yeast together in a bowl until smooth. Set aside until foamy, about 10 minutes.
Preheat the oven to 350 degrees F (175 degrees C). Line a baking sheet with parchment paper.
Combine flour, butter, sour cream, sugar, eggs, and egg yolks in a large bowl. Stir in yeast mixture. Mix well using an electric mixer at first, then using your hands.
Turn out dough onto a floured work surface and knead until smooth, adding more flour, 1 tablespoon at a time, if dough is sticking to your hands. Form dough into a long log and cut into 1 1/2-inch rounds. Cover rounds with a cloth.
Roll each round of dough into a thin circle. Cut the circle into six triangles, as you would a pizza. Place 1 teaspoon jam at the wider end of each triangle, then roll up like a croissant. Place on the prepared baking sheet. Repeat until all the dough is used up.
Bake in the preheated oven until rogaliki have risen and are golden brown, about 20 minutes. Remove from oven and cool completely, about 30 minutes.
Place confectioners' sugar in a bowl and stir in water, 1 tablespoon at a time, until a drizzling consistency is reached. Drizzle icing over cooled rogaliki.",Dessert,"{'calories': '236 kcal', 'carbohydrateContent': '31 g', 'cholesterolContent': '53 mg', 'fiberContent': '1 g', 'proteinContent': '3 g', 'saturatedFatContent': '7 g', 'sodiumContent': '9 mg', 'sugarContent': '17 g', 'fatContent': '12 g', 'unsaturatedFatContent': '0 g'}",40 servings,https://www.allrecipes.com/thmb/85RQDvCp4Iz9ngUH4eraAXTUSn8=/1500x0/filters:no_upscale():max_bytes(150000):strip_icc()/5171050-65388ccea13d40819278a653dbfad00f.jpg
38,10,Krusczyki,This is my grandmother's recipe. I hope that you enjoy it!,"['14 egg yolks', '1 pint sour cream', '2 teaspoons vanilla extract', '1 teaspoon salt', '½ cup butter', '8 cups all-purpose flour', '1 ½ cups shortening', ""⅓ cup confectioners' sugar for decoration""]","In a large bowl mix together all ingredients. Stir into a ball, then turn dough out onto a floured surface . Knead dough for 1/2 hour. If you have a mixer with a dough hook attachment, mix for about 15 minutes.
Let dough rest for 10 minutes.
On a floured surface, roll out dough to 1/4 to 1/8 inch thickness. Cut into strips that are 3 inches long and 1 inch wide. In the center of each strip, cut a 1 inch slit, lengthwise. Pull one end of the strip through the slit to form a bow.
In a frying pan or an electric skillet, melt shortening and heat to about 350 degrees F (175 degrees C). in a frying pan this would be on medium high heat.
Place cookies in hot oil. Cook on both sides until lightly browned then remove to a paper towel.
Dust finished cookies with confectioners sugar.",Dessert,"{'calories': '504 kcal', 'carbohydrateContent': '46 g', 'cholesterolContent': '184 mg', 'fiberContent': '2 g', 'proteinContent': '9 g', 'saturatedFatContent': '12 g', 'sodiumContent': '186 mg', 'sugarContent': '3 g', 'fatContent': '32 g', 'unsaturatedFatContent': '0 g'}",18 servings,https://www.allrecipes.com/thmb/yP2YiDi_peqGDw_fDeaz0Eo_vKY=/1500x0/filters:no_upscale():max_bytes(150000):strip_icc()/223464-869e24c7102e44c0bc70914fa727b53b.jpg
39,9,Drozdzowka (Polish Yeast Plum Cake),A delicious traditional Polish yeast-risen cake with fresh plums and a streusel topping. This recipe uses fresh cake yeast.,"['½ cup whole milk', '1 tablespoon all-purpose flour', '1 tablespoon white sugar', '2 (0.6 ounce) cakes cake yeast', '1 ⅓ cups margarine', '½ cup dry bread crumbs', '4 eggs', '1 ⅛ cups white sugar', '8 cups all-purpose flour', '4 teaspoons vanilla sugar', '1 cup whole milk, or as needed', '6 cups fresh plums, pitted and quartered', '1 ½ cups all-purpose flour', '½ cup butter', '½ cup white sugar', '½ teaspoon ground cinnamon (Optional)']","In a saucepan over very low heat, warm up 1/2 cup of milk to no more than 100 degrees F (38 degrees C); stir in 1 tablespoon of flour and 1 tablespoon of sugar. Remove from heat and transfer to a bowl. Crumble the cake yeast into the milk mixture, and gently stir until the mixture becomes creamy. Cover the pan with a cloth, and set aside in a warm place until the yeast forms a spongy texture, 20 to 30 minutes.
Melt margarine in a saucepan over low heat; remove from heat and allow to cool to lukewarm.
Preheat oven to 350 degrees F (175 degrees C). Grease a 9x13-inch baking dish, and sprinkle with bread crumbs.
Place eggs and 1 1/8 cup sugar into a blender, and process until the mixture is yellow and fluffy. In a large mixing bowl, whisk together 8 cups of flour with vanilla sugar. Stir in the egg mixture, activated yeast mixture, and lukewarm margarine; start kneading 1 cup milk, or as needed, into the dough, a little at a time, until the dough stops sticking to your fingers and becomes smooth and even. Knead for at least 15 minutes, working to incorporate as much air as possible into the dough as you knead.
Press the dough evenly into the prepared baking sheet, and arrange the plums over the top of the dough. Set aside.
In a bowl, cut together 1 1/2 cup flour, the butter, and 1/2 cup of sugar with a pastry cutter until the mixture resembles fine crumbs; sprinkle the streusel mixture over the plums. Dust streusel with cinnamon, if desired.
Bake in the preheated oven until a toothpick inserted into the center of the cake comes out clean, 1 hour to 1 hour and 10 minutes.",Dessert,"{'calories': '415 kcal', 'carbohydrateContent': '61 g', 'cholesterolContent': '43 mg', 'fiberContent': '2 g', 'proteinContent': '8 g', 'saturatedFatContent': '5 g', 'sodiumContent': '179 mg', 'sugarContent': '19 g', 'fatContent': '16 g', 'unsaturatedFatContent': '0 g'}",24 servings,https://www.allrecipes.com/thmb/hHMs30lADZnZQqbig0hTuZPxCTU=/1500x0/filters:no_upscale():max_bytes(150000):strip_icc()/4549502-f5653b4cbd9648119fb15af857a30924.jpg
40,9,Polish Poppy Seed Rolls,Chef John's individual-version of these Polish poppy seed rolls turns out to be a success thanks to a sweet glaze and crunchy filling.,"['½ cup whole milk, warmed', '2 teaspoons active dry yeast', '1 ½ cups all-purpose flour, divided, or more as needed', '2 large egg yolks', '3 tablespoons white sugar', '3 tablespoons unsalted butter, melted', '½ teaspoon kosher salt', '⅛ teaspoon pure vanilla extract', '3 tablespoons unsalted butter', '¼ cup milk', '¼ cup honey', '3 tablespoons white sugar', '2 tablespoons water', '1 ½ cups poppy seeds', '3 tablespoons powdered sugar, or as needed', '1 teaspoon milk, or as needed']","Combine warm milk, yeast, and 1/2 cup of flour for dough in the bowl of a stand mixer and whisk to combine. Let sit until a ""sponge"" forms, about 30 minutes.
Add egg yolks, sugar, melted butter, salt, and vanilla extract to the ""sponge"" and whisk until combined. Add remaining 1 cup flour and mix using a dough hook attachment on low speed, scraping down the bowl occasionally with a spatula, until a soft, smooth, slightly elastic dough forms, about 5 minutes. Add more flour and continue to knead if the dough seems too wet and sticky.
Remove dough from the bowl and knead by hand, checking consistency, about 1 minute, adding a little more flour if necessary.
Transfer the dough to a lightly greased bowl. Toss to coat, cover, and let rise in a warm spot until doubled in size, about 2 hours.
While the dough is rising, add butter, milk, honey, sugar, and water to a saucepan and place over medium-high heat; bring to a simmer. Add poppy seeds and cook, stirring, until the mixture thickens up to a spreadable texture, about 5 minutes. Turn off the heat and allow to cool to room temperature before using, 20 to 30 minutes.
Preheat the oven to 375 degrees F (190 degrees C). Line a baking sheet with a silicone baking mat (such as Silpat®).
Once the dough has risen, transfer to a lightly floured surface and use your hands to roll into a log shape, about 15 inches long. Switch to a rolling pin and roll the dough out into a 10x18-inch rectangle, about 1/8-inch thick.
Spread cooled filling over top, leaving about 1 1/2 inches of dough exposed on the longer side that you'll be rolling towards. Brush the exposed edge of dough very lightly with water.
Roll up the dough and filling toward the edge you just brushed, finishing with the seam on the bottom. Seal the ends and use your hands to shape the roll as evenly as possible. If you have lots of excess dough on either end, it can be trimmed off.
Cut the roll into 8 even pieces and lay flat on the prepared baking sheet. If possible, tuck any seams under the dough spiral as it's placed down. Let sit for 5 minutes.
Bake in the center of the preheated oven until well-browned, 20 to 25 minutes. Transfer to a cooling rack and allow to cool to room temperature.
While rolls are cooling, combine powdered sugar and milk in a bowl for glaze. Brush warm rolls with the glaze and serve.",,"{'calories': '405 kcal', 'carbohydrateContent': '46 g', 'cholesterolContent': '76 mg', 'fiberContent': '3 g', 'proteinContent': '9 g', 'saturatedFatContent': '8 g', 'sodiumContent': '140 mg', 'sugarContent': '25 g', 'fatContent': '22 g', 'unsaturatedFatContent': '0 g'}",8 servings,https://www.allrecipes.com/thmb/pJn__9mQ6AvDrVxJhZJ9oMqCeO8=/1500x0/filters:no_upscale():max_bytes(150000):strip_icc()/image-231-52c7dd3c97d043c88a8d5e8da13bd36a.jpg
41,11,Racuchy z Jablkami (Polish Apple Pancakes),"A popular dish in Poland, racuchy are apple pancakes loved by the whole family and are a yummy breakfast or dessert with powdered sugar.","['2 cups milk', '2 cups all-purpose flour', '2 eggs', '1 tablespoon white sugar', '1 teaspoon ground cinnamon', '½ teaspoon baking soda', '1 pinch salt', '2 large apples - peeled, cored, and diced', 'vegetable oil, or as needed, divided', ""2 tablespoons confectioners' sugar, or to taste""]","Combine milk, flour, eggs, sugar, cinnamon, baking soda, and salt in a large bowl; beat with an electric mixer until smooth and creamy. Mix in apples.
Heat 1 tablespoon oil in a skillet over medium-high heat.
Drop batter by large spoonfuls into the pan and cook until the edges are dry and the bottom is browned, 3 to 4 minutes. Flip and cook until browned on the other side, 2 to 3 minutes. Repeat with remaining batter.
Dust pancakes with confectioners' sugar.",Breakfast,"{'calories': '416 kcal', 'carbohydrateContent': '76 g', 'cholesterolContent': '103 mg', 'fiberContent': '5 g', 'proteinContent': '14 g', 'saturatedFatContent': '3 g', 'sodiumContent': '284 mg', 'sugarContent': '24 g', 'fatContent': '7 g', 'unsaturatedFatContent': '0 g'}",4 servings,https://www.allrecipes.com/thmb/6qAGfO-Y8YHecZsklZR-JH7HnlU=/1500x0/filters:no_upscale():max_bytes(150000):strip_icc()/4541338-racuchy-z-jablkami-polish-apple-pancakes-Olenka-4x3-1-90b031b14d424f26b5321e76a01872d3.jpg
42,8,Szybka Surowka z Czerwonej Kapusty (Polish Red Cabbage Slaw),"Red cabbage, apple, and onion are combined in this Polish slaw often made during the autumn months, when bright colors are much appreciated.","['½ head red cabbage, sliced', '1 onion, thinly sliced', '1 apple, peeled and grated', '½ lemon, juiced', '1 tablespoon vegetable oil', '1 pinch white sugar', 'salt and ground black pepper to taste']","Bring 1 quart water to a boil in a large pot; add cabbage and cook until softened, 2 to 4 minutes. Drain.
Mix cabbage, onion, apple, lemon juice, and oil. Season with sugar, salt, and pepper.",Side Dish,"{'calories': '107 kcal', 'carbohydrateContent': '20 g', 'fiberContent': '5 g', 'proteinContent': '2 g', 'saturatedFatContent': '1 g', 'sodiumContent': '70 mg', 'sugarContent': '10 g', 'fatContent': '4 g', 'unsaturatedFatContent': '0 g'}",4 servings,https://www.allrecipes.com/thmb/AJO0hiCeqb-3CsqvS4K3gqd9G7w=/1500x0/filters:no_upscale():max_bytes(150000):strip_icc()/7649165-f0ccf689b30a499e84b2d830f47331e2.jpg
43,8,Faworki (Polish Chrusciki),"Faworki are deep-fried crispy pastry twists dusted with confectioners' sugar, a sweet Polish treat traditionally served in Carnival season.","['2 ½ cups all-purpose flour', '6 egg yolks', '3 tablespoons sour cream', '2 tablespoons white sugar', '2 tablespoons butter, softened', '1 tablespoon rum', '1 pinch salt', '2 cups vegetable oil for frying', ""½ cup confectioners' sugar, or as needed""]","Combine flour, egg yolks, sour cream, sugar, butter, rum, and salt in a large bowl; mix to form a dough.
Knead dough lightly and roll out on a floured surface. Cut into strips 4 inches long and 3/4 inches wide. Cut a slit in the middle of each strip. Twist and pull one end through the slit.
Heat oil in a deep-fryer or large saucepan. Test the temperature by dropping in a pastry twist; the oil is ready when it browns and float to the surface.
Fry pastry twists in batches until golden brown, about 1 minute per side. Drain on a plate lined with paper towels. Dust with confectioners' sugar.",Dessert,"{'calories': '126 kcal', 'carbohydrateContent': '17 g', 'cholesterolContent': '66 mg', 'fiberContent': '0 g', 'proteinContent': '3 g', 'saturatedFatContent': '2 g', 'sodiumContent': '20 mg', 'sugarContent': '4 g', 'fatContent': '5 g', 'unsaturatedFatContent': '0 g'}",20 servings,https://www.allrecipes.com/thmb/mCz6NZkINALOcnHCZHsgsLwnK64=/1500x0/filters:no_upscale():max_bytes(150000):strip_icc()/4948995-678b2cb5f38e4a598874f8b18b1f01ae.jpg
44,8,Polish Applesauce Cake,"Applesauce gives this easy Polish cake its delicious flavor. A simple batter and applesauce are layered into a sheet pan resulting in a moist, yummy cake.","['1 cup unsalted butter, at room temperature', '1 cup white sugar', '5 eggs', '3 ¼ cups all-purpose flour', '2 teaspoons baking powder', '½ cup milk', '3 ¾ cups applesauce', '1 teaspoon ground cinnamon', ""2 tablespoons confectioners' sugar for dusting""]","Preheat the oven to 350 degrees F (175 degrees C). Grease a 9x13-inch rimmed baking sheet or baking pan and line with parchment paper.
Combine butter and sugar in a large bowl. Beat with an electric mixer until light and fluffy. Add eggs one at a time, beating well after each addition.
Mix flour and baking powder together in a bowl. Sift gradually into butter mixture, mixing well.
Transfer 6 to 8 heaping tablespoons of the cake batter, about 1 cup, to a separate bowl. Mix in milk gradually until batter is creamy and the consistency of pancake batter.
Spread thick cake batter into the prepared baking pan and level out with the back of a spoon. Mix applesauce and cinnamon together and spread on top in an even layer. Top with the thin cake batter.
Bake in the preheated oven until the top of the cake is a deep golden brown, about 50 minutes. Remove from oven and allow to cool. Dust with confectioners' sugar before cutting into squares.",Dessert,"{'calories': '397 kcal', 'carbohydrateContent': '53 g', 'cholesterolContent': '119 mg', 'fiberContent': '2 g', 'proteinContent': '7 g', 'saturatedFatContent': '11 g', 'sodiumContent': '119 mg', 'sugarContent': '26 g', 'fatContent': '18 g', 'unsaturatedFatContent': '0 g'}",12 servings,https://www.allrecipes.com/thmb/txkrtQksGLZ1e4wWhKn3gEXkLm4=/1500x0/filters:no_upscale():max_bytes(150000):strip_icc()/5133881-7d02dab6d5f047bd90382a19353e452e.jpg
45,7,Polish Coffee Cake,This recipe makes 3 deliciously simple yeasted coffeecakes.,"['2 (.25 ounce) packages active dry yeast', '¼ cup warm water (110 degrees F/45 degrees C)', '3 cups milk', '1 cup butter', '10 eggs, beaten', '1 ½ cups white sugar', '¼ teaspoon ground nutmeg', '¼ teaspoon orange extract', '1 ½ teaspoons vanilla extract', '10 cups all-purpose flour', '1 teaspoon salt', '½ cup butter, cubed', '⅔ cup white sugar']","In a small bowl, dissolve yeast in warm water. Let stand until creamy, about 10 minutes. Warm the milk in a small saucepan until it bubbles, then remove from heat. Mix in 1 cup butter until melted. Let cool until lukewarm.
In a large bowl, beat together the eggs and 1 1/2 cups sugar. Mix in the nutmeg, orange extract, vanilla extract, and the yeast mixture. Stir in 3 cups flour and the salt. Stir in 1/3 of the milk mixture. Mix in the remaining flour and milk mixture in two alternating additions. Cover bowl, and let rise until doubled, about 45 minutes.
In a small bowl, prepare the topping by cutting together 1/2 cup butter and 2/3 cups sugar until mixture resembles coarse crumbs.
Preheat oven to 350 degrees F (175 degrees C). Lightly grease 3 10-inch Bundt pans.
Divide dough into the prepared pans, and sprinkle with the topping mixture.
Bake in preheated oven for 30 to 40 minutes, until a toothpick inserted into center comes out clean.",Dessert,"{'calories': '273 kcal', 'carbohydrateContent': '40 g', 'cholesterolContent': '74 mg', 'fiberContent': '1 g', 'proteinContent': '6 g', 'saturatedFatContent': '6 g', 'sodiumContent': '148 mg', 'sugarContent': '13 g', 'fatContent': '10 g', 'unsaturatedFatContent': '0 g'}",36 servings,https://www.allrecipes.com/thmb/S89tWEinJPI_LAFS5Fo9BXn40II=/1500x0/filters:no_upscale():max_bytes(150000):strip_icc()/5240986-418dded3c5dc4b29bd9cba2d70e61df6.jpg
46,0,Zeberka Wieprzowe w Sosie Wlasnym (Polish Pork Ribs in Gravy),You only need a few ingredients for these delicious Polish pork ribs in allspice-scented gravy that are great for an easy midweek dinner.,"['2 pounds pork ribs, cut into 2-inch strips', 'salt and ground black pepper to taste', '3 tablespoons vegetable oil', '2 onions, sliced', '1 cup water', '5 whole allspice berries', '2 bay leaves']","Season pork ribs with salt and pepper.
Heat oil in a large skillet over medium-high heat. Cook ribs until evenly browned, about 5 minutes per side. Add onion; cook and stir until soft and translucent, 3 to 5 minutes. Pour in water; add allspice berries and bay leaves. Cover and simmer until flavors combine, about 40 minutes. Season with salt and pepper.",Dinner,"{'calories': '507 kcal', 'carbohydrateContent': '6 g', 'cholesterolContent': '120 mg', 'fiberContent': '1 g', 'proteinContent': '29 g', 'saturatedFatContent': '13 g', 'sodiumContent': '135 mg', 'sugarContent': '2 g', 'fatContent': '40 g', 'unsaturatedFatContent': '0 g'}",4 servings,https://www.allrecipes.com/thmb/wqeNPaJoWC1TxZFZSz7X-Qjz5Xw=/1500x0/filters:no_upscale():max_bytes(150000):strip_icc()/4540721-a0724265847c47199c89f7ff2b5167aa.jpg
47,0,Cheese-Filled Easter Polish Bread (Babka),"This sweet Polish babka, filled with a swirl of orange-flavored cream cheese, will be an impressive centerpiece for your Easter brunch.","['⅓ cup white sugar, divided', '2 tablespoons warm water (110 degrees F (43 degrees C))', '3 ⅓ teaspoons active dry yeast', '⅔ cup milk', '6 tablespoons butter, softened', '2 egg yolks, beaten', '⅔ teaspoon salt', '3 ⅓ cups all-purpose flour', '3 (8 ounce) packages cream cheese, softened', '1 cup white sugar', '2 egg yolks', '1 tablespoon orange liqueur (such as Grand Marnier®)', '½ orange, zested', '1 teaspoon vanilla extract', '½ cup white sugar', '6 tablespoons all-purpose flour', '¼ cup cold butter, cubed', '½ cup thinly sliced almonds', '1 egg white, beaten']","Mix 1 teaspoon sugar, water, and yeast together in a small bowl. Let stand until yeast softens and begins to form a creamy foam, about 5 minutes.
Heat milk in a small saucepan over medium heat until it begins to bubble. Pour into a large bowl. Stir in 6 tablespoons butter until melted. Let mixture cool to 110 degrees F (43 degrees C), about 5 minutes.
Mix remaining sugar, yeast mixture, 2 egg yolks, and salt into the milk mixture. Add 3 1/3 cups flour; knead dough until shiny and elastic.
Place dough in a greased bowl, turning to coat both sides. Cover with greased plastic wrap; let rise until doubled, 1 to 2 hours.
Combine cream cheese, 1 cup sugar, 2 egg yolks, orange liqueur, orange zest, and 1 vanilla extract in a large bowl; beat with an electric mixer until smooth.
Mix 1/2 cup sugar and 6 tablespoons flour together in a bowl. Cut in 1/4 cup cold butter with a pastry blender or 2 knives. Stir in almonds.
Grease two 9x5-inch loaf pans and line the bottom with parchment paper.
Punch down dough and divide in half. Roll 1 half into a rectangle 1/8-inch thick; keep the other half covered. Spread 1/2 of the cream cheese mixture over the dough. Fold in the short ends of the dough and roll up tightly like a jelly roll. Transfer to a prepared loaf pan. Repeat with remaining dough and cream cheese mixture.
Brush beaten egg white over the loaves; sprinkle almond topping evenly on top. Cover loaves with greased plastic wrap and let rise until dough reaches above the rim of the pans, about 1 hour.
Preheat oven to 350 degrees F (175 degrees C).
Bake loaves in the preheated oven until golden brown and an instant-read thermometer inserted into the center registers 190 degrees F (88 degrees C), 40 to 50 minutes. Cool in the pans for 5 minutes. Run a knife along the sides to loosen; let cool completely, about 30 minutes.",Bread,"{'calories': '298 kcal', 'carbohydrateContent': '32 g', 'cholesterolContent': '78 mg', 'fiberContent': '1 g', 'proteinContent': '6 g', 'saturatedFatContent': '10 g', 'sodiumContent': '189 mg', 'sugarContent': '16 g', 'fatContent': '17 g', 'unsaturatedFatContent': '0 g'}",24 servings,https://www.allrecipes.com/thmb/yomD1R4VIq1Ceh58-498EBAM6uk=/1500x0/filters:no_upscale():max_bytes(150000):strip_icc()/5079368-0d99a90157014f1b92a9e245edc8e9b9.jpg
48,0,Sliwkowka Czyli Nalewka ze Sliwek (Polish Purple Plum Liqueur),Purple plums and sugar are steeped in 190-proof rectified alcohol and vodka for more than 5 months to make this homemade Polish liqueur.,"['2 pounds plums, pitted and sliced', '2 cups pure rectified alcohol (190 proof)', '2 tablespoons pure rectified alcohol (190 proof)', '2 cups vodka', '2 tablespoons vodka', '1 ½ cups white sugar']","Place plums in a glass carboy used for brewing. Pour in 2 cups plus 2 tablespoons rectified alcohol and 2 cups plus 2 tablespoons vodka. Seal and store in a cool, dark place for 5 weeks.
Stir sugar into the carboy. Seal and store in a cool, dark place for 4 weeks.
Strain liqueur through a sieve lined with muslin cloth. Pour liqueur into bottles, seal, and store in a cool, dark place for at least 3 months before using.",Drink,"{'calories': '263 kcal', 'carbohydrateContent': '25 g', 'fiberContent': '1 g', 'proteinContent': '0 g', 'sodiumContent': '1 mg', 'sugarContent': '24 g', 'fatContent': '0 g', 'unsaturatedFatContent': '0 g'}",16 servings,https://www.allrecipes.com/thmb/0Kd2YnVIx2Ua5KwS__cUDRtwiLw=/1500x0/filters:no_upscale():max_bytes(150000):strip_icc()/4537039-796e1df933d640d194a23441b1466e27.jpg
49,0,Mazurek (Polish Easter Cake),This mazurek is a beautiful Polish sheet cake served on Easter. It features a flower decoration made of 2 different-colored jams and flaked almonds.,"['1 ½ cups unsalted butter, at room temperature', '2 tablespoons unsalted butter, at room temperature', '¾ cup white sugar', '1 large egg', '3 hard-boiled egg yolks, mashed', '3 cups all-purpose flour', '1 cup ground almonds', '2 teaspoons lemon zest, or to taste', '1 large beaten egg', '¼ cup water', '3 tablespoons unflavored gelatin', '½ cup cherry preserves', '½ cup apricot preserves', '¼ cup sliced almonds', '¼ cup candied cherries, halved, or more as needed']","Make cake: Combine 1 1/2 cups plus 2 tablespoons butter, sugar, and egg in a large bowl; beat with an electric mixer until creamy. Beat in mashed egg yolks until incorporated. Add flour, ground almonds, and lemon zest. Knead into a dough. Cover and refrigerate for 1 hour.
Preheat the oven to 400 degrees F (200 degrees C). Line a rimmed baking sheet with parchment paper.
Roll out 2/3 of the dough on a lightly floured surface into a rectangle the size of the baking sheet. Lay onto the prepared baking sheet. Roll remaining dough into finger-thick rolls. Press dough rolls onto cake in a diamond-shaped pattern. Brush rolls with beaten egg.
Bake in the preheated oven until golden brown, 20 to 25 minutes.
Make decoration: Pour water into a small saucepan. Sprinkle gelatin powder on top. Let stand until softened, about 1 minute. Place over low heat; stir constantly until granules are completely dissolved, about 3 minutes.
Heat cherry and apricot preserves in 2 separate small pots over low heat until hot. Strain through a fine-mesh sieve into 2 separate bowls. Mix 1/2 of the dissolved gelatin into each flavor.
Alternate filling the diamond shapes of cake with the 2 different flavors. Arrange almonds and candied cherries into flower shapes on top.",Dessert,"{'calories': '275 kcal', 'carbohydrateContent': '30 g', 'cholesterolContent': '73 mg', 'fiberContent': '1 g', 'proteinContent': '6 g', 'saturatedFatContent': '8 g', 'sodiumContent': '17 mg', 'sugarContent': '10 g', 'fatContent': '15 g', 'unsaturatedFatContent': '0 g'}",24 servings,https://www.allrecipes.com/thmb/9WdlPVDflq4hG2qMygOBPGJsHU4=/1500x0/filters:no_upscale():max_bytes(150000):strip_icc()/5133899-4606d030bf144ff8ae5d65f08220eb09.jpg
50,0,Botwinka (Polish Vegetable Soup with Beet Greens),"Botwinka is a Polish vegetarian soup that combines beet greens, beets, carrots, parsnip, celeriac, leek, and potatoes with hard-boiled eggs.","['2 carrots, peeled and diced', '1 parsnip, peeled and diced', '½ celery roots (celeriac), peeled and cubed', '1 leek, sliced', 'cold water to cover', '5 beets with leaves and stems - beets peeled and chopped, leaves sliced', '3 potatoes, diced', '1 cube vegetable bouillon', '1 tablespoon white sugar', '1 dash lemon juice, or to taste', 'salt and pepper to taste', '3 tablespoons heavy cream', '2 tablespoons all-purpose flour', '3 eggs, hard boiled', '1 tablespoon chopped fresh dill, plus more for garnish']","Combine carrot, parsley root, celeriac, and leek in a large pot. Cover with water and bring to a boil. Add potatoes and stock cube. Add beet and beet leaves and cook until beet and beet greens are tender, about 25 minutes. Season with sugar, lemon juice, salt, and pepper. Simmer until flavors are well combined, about 5 minutes. Remove from heat.
Combine cream, flour, and 3 tablespoons of soup and mix until smooth. Add to pot and stir in well. Place pot back on stove and bring to a boil. Add dill and remove from heat.
Divide hardboiled eggs among 3 bowls. Ladle soup on top of eggs and garnish with dill.",Dinner,"{'calories': '482 kcal', 'carbohydrateContent': '84 g', 'cholesterolContent': '184 mg', 'fiberContent': '14 g', 'proteinContent': '16 g', 'saturatedFatContent': '5 g', 'sodiumContent': '386 mg', 'sugarContent': '21 g', 'fatContent': '11 g', 'unsaturatedFatContent': '0 g'}",3 servings,https://www.allrecipes.com/thmb/s84_iP3QCe1k_9KDIzBzSTktrfc=/1500x0/filters:no_upscale():max_bytes(150000):strip_icc()/4543030-216fc0dc63ce4907beed63c585238d1c.jpg
51,16,Stuffed Cabbage Rolls,"This cabbage rolls recipe features tender cabbage leaves filled with savory beef and rice, simmered in tomato soup for a Polish-inspired favorite.","['⅔ cup water', '⅓ cup uncooked white rice', '8 cabbage leaves', '1 pound lean ground beef', '¼ cup chopped onion', '1 large egg, slightly beaten', '1 (10.5 ounce) can condensed tomato soup, divided', '1 teaspoon salt', '¼ teaspoon ground black pepper']","Gather all ingredients.
Bring water and rice to a boil in a saucepan.
Reduce heat to low, cover, and simmer until rice is tender and liquid has been absorbed, about 20 minutes.
Meanwhile, bring a large, wide saucepan of lightly salted water to a boil. Add cabbage leaves and cook for 2 to 4 minutes or until softened; drain.
Combine ground beef, 1 cup of cooked rice, onion, beaten egg, 2 tablespoons of tomato soup, salt, and pepper in a large bowl; mix thoroughly.
Spoon about 2 tablespoons of beef mixture onto each cabbage leaf.
Bring one end of the cabbage leaf over the mixture.
Roll and tuck in the ends to prevent the filling from falling out.
Place cabbage rolls in a large skillet over medium heat.
Pour remaining tomato soup on top
Cover and bring to a boil; reduce heat to low and simmer for about 40 minutes, stirring and basting with the liquid often.
Serve and enjoy!",Dinner,"{'calories': '223 kcal', 'carbohydrateContent': '13 g', 'cholesterolContent': '66 mg', 'fiberContent': '1 g', 'proteinContent': '13 g', 'saturatedFatContent': '5 g', 'sodiumContent': '657 mg', 'sugarContent': '3 g', 'fatContent': '13 g', 'unsaturatedFatContent': '0 g'}",8 servings,https://www.allrecipes.com/thmb/XfBt4brgnhTZkigUEca6RU5uS94=/1500x0/filters:no_upscale():max_bytes(150000):strip_icc()/26661-Stuffed-Cabbage-Rolls-ddmfs-4x3-62d721db9b4445ceb9273ceb18cd3bed.jpg
52,13,Homemade Farmer's Cheese,Make your own farmer's cheese at home with a Polish grandmother's very own recipe. Then enjoy the soft cheese for snacking for up to a week!,"['1 gallon whole milk', '1 pinch salt', '1 large lemon, juiced']","Pour milk into a large pot, then stir in salt. Bring to a boil over medium heat, stirring occasionally to prevent milk from scorching on the bottom of the pot.
When milk begins to boil (small bubbles will first appear at the edges), turn off the heat. Stir in lemon juice. Milk will curdle; you may need to wait 5 to 10 minutes.
Line a sieve or colander with a cheesecloth. Pour milk through the cloth to catch the curds. Gather cheesecloth around the cheese and squeeze out as much liquid (whey) as you can. What is left in the cheesecloth is farmer's cheese. Use the whey for another use (some people drink it), or discard. Wrap cheese in plastic or place in an airtight container.",Snack,"{'calories': '148 kcal', 'carbohydrateContent': '12 g', 'cholesterolContent': '24 mg', 'fiberContent': '0 g', 'proteinContent': '8 g', 'saturatedFatContent': '5 g', 'sodiumContent': '98 mg', 'sugarContent': '11 g', 'fatContent': '8 g', 'unsaturatedFatContent': '0 g'}",16 servings,https://www.allrecipes.com/thmb/2luodN_XE4H_k4UvT5B-_AjcDVo=/1500x0/filters:no_upscale():max_bytes(150000):strip_icc()/267521-606a9cffa9874112ab9aad7b1257e39b.jpg
53,13,Beef and Cabbage (Lazy Golumpki),"Beef and cabbage are baked with rice and tomatoes in this lazy version of golumpki, a traditional Polish cabbage and beef dish.","['1 head green cabbage, cut into bite-size pieces', '1 pound ground beef', '1 teaspoon salt', '1 teaspoon dried parsley', '¼ teaspoon onion powder', '⅛ teaspoon ground black pepper', '2 cups water', '1 cup white rice', ""1 (10.5 ounce) can condensed tomato soup (such as Campbell's)"", ""1 (32 ounce) container crushed tomatoes (such as Hunt's)""]","Boil cabbage in a stockpot until tender, 10 to 15 minutes. Drain well.
Heat a large skillet over medium-high heat. Cook and stir beef in the hot skillet until browned and crumbly, 5 to 7 minutes; drain and discard grease. Mix salt, parsley, onion powder, and black pepper into ground beef.
Bring water and rice to a boil in a saucepan. Reduce heat to medium-low, cover, and simmer until rice is tender and liquid has been absorbed, 20 to 25 minutes. Stir tomato soup and crushed tomatoes together in a bowl.
Preheat oven to 350 degrees F (175 degrees C).
Combine cabbage, seasoned ground beef, rice, and tomato mixture together in a bowl; transfer to a 9x13-inch baking dish.
Bake in the preheated oven until bubbling, about 45 minutes.",Dinner,"{'calories': '287 kcal', 'carbohydrateContent': '37 g', 'cholesterolContent': '35 mg', 'fiberContent': '5 g', 'proteinContent': '14 g', 'saturatedFatContent': '4 g', 'sodiumContent': '727 mg', 'sugarContent': '10 g', 'fatContent': '10 g', 'unsaturatedFatContent': '0 g'}",8 servings,https://www.allrecipes.com/thmb/Z_ZLZasm0t3zarLyECRmzrEaqEk=/1500x0/filters:no_upscale():max_bytes(150000):strip_icc()/244848beef-and-cabbage-lazy-golumpkiFranceC4x3-5948fb322f884936a5e5e0a43f56539c.jpg
54,10,Rogaliki Holiday Cookies,"This is a Polish, crescent-shaped cookie my aunt used to make as a Thanksgiving holiday treat. Although I'm not Polish, I make them too, and serve them on a cold winter's night with hot coffee or tea.","['1 cup unsalted butter, at room temperature', '½ cup white sugar', '1 egg yolk', '1 teaspoon vanilla extract', '¼ cup chopped blanched almonds', '1 ⅔ cups all-purpose flour', ""Confectioners' sugar for dusting""]","Preheat oven to 350 degrees F (175 degrees C).
Cream together the butter and sugar until light and fluffy. Add the egg, vanilla, and almonds; mix a few seconds until well incorporated. Stir in the flour until a dough forms.
Roll the dough into a rope 3/4-inch thick. Cut the rope into 3-inch long pieces. Shape the cookies by rolling each piece back and forth while pressing down gently with two fingers on each end until the piece is about 5-inches long. The dough piece should be plump in the center, and thinner on it's ends. Repeat with remaining cookies.
Place the cookies onto a cookie sheet, bending the ends toward each other to form a crescent 'C' shape. Bake in preheated oven until the edges have turned golden brown, about 20 minutes. Dust immediately with powdered sugar, then cool completely on a wire rack.",Dessert,"{'calories': '125 kcal', 'carbohydrateContent': '11 g', 'cholesterolContent': '29 mg', 'fiberContent': '0 g', 'proteinContent': '1 g', 'saturatedFatContent': '5 g', 'sodiumContent': '2 mg', 'sugarContent': '5 g', 'fatContent': '8 g', 'unsaturatedFatContent': '0 g'}",24 servings,https://www.allrecipes.com/thmb/oi0DBMPIvulkNWL8wZio1zV3mNA=/1500x0/filters:no_upscale():max_bytes(150000):strip_icc()/2381998-5c86991a77a140408181fe7aa2e748a3.jpg
55,11,Chef John's Potato and Cheese Pierogi,"Handed down by his Polish grandmother, this potato and cheese pierogi recipe might just be Chef's John's favorite recipe ever.","['3 ½ cups all-purpose flour, or more as needed', '1 teaspoon kosher salt', '¼ cup vegetable oil', '1 cup warm water (120 to 130 degrees F/50 degrees C)', '2 tablespoons warm water (120 to 130 degrees F/50 degrees C)', '½ cup unsalted butter', '1 large yellow onion, diced', '½ teaspoon kosher salt', '3 medium russet potatoes, peeled and quartered', ""16 ounces farmer's cheese"", '1 ½ teaspoons kosher salt', '1 teaspoon ground black pepper', '1 pinch cayenne pepper, or to taste', '1 tablespoon unsalted butter, or more as needed', '2 tablespoons sour cream, or to taste (Optional)', '2 teaspoons snipped fresh chives, or to taste (Optional)']","Prepare dough: Mix 3 ½ cups flour and salt together in a large bowl, then make a well in the center. Pour vegetable oil and 1 cup plus 2 tablespoons warm water into the well. Stir to form a shaggy dough that just pulls away from the sides of the bowl. Use a little flour to clean the dough off the spoon.
Transfer dough to a work surface; press and knead for a few minutes until you have a smooth, soft dough. You can add a little more flour if it's too sticky but don't add too much. Form dough into a ball and wrap in plastic. Leave on the counter for 1 hour or pop it into the refrigerator for 3 hours to overnight.
Prepare buttered onions: Melt butter in a skillet over medium heat. Add onion and salt and sauté, stirring occasionally, until golden brown, 8 to 10 minutes. Turn off the heat and let mixture cool a bit, then transfer to a bowl and reserve until needed.
Prepare filling: Place potatoes into a large pot and cover with salted water; bring to a boil. Reduce heat to medium-low and simmer until tender, about 20 minutes. Drain well and mash until smooth. Let cool to room temperature, 10 to 15 minutes.
Place farmer's cheese in a bowl and break it up with a spoon. Add salt, pepper, and cayenne, then add 2 to 3 heaping spoons of the buttered onions. Be sure to drain off most of the butter so you're adding mostly onions. Mix just until ingredients are evenly combined.
Add cooled mashed potatoes and mix until thoroughly combined. Set aside while you roll the dough.
Roll ¼ of the dough at a time on a floured surface until very thin, at least 1/8-inch thick or thinner if possible. Cut 3 ½-inch circles out of the dough, saving all scraps for re-rolling.
Add about 2 tablespoons filling to the center of each circle. Moisten your fingertips with water and wet the edges, then fold the dough over the filling and seal the two edges together in the center. Flatten the filling very lightly under the dough as you press and seal the edge of each pierogi with your fingers, working from the center to the ends. Try not to trap air in the pierogi as you seal. The edge can be left as is, or you can pinch the dough every inch or so to make pleats for a more decorative appearance.
Bring a large pot of salted water to a boil. Add pierogi in batches and cook for about 2 to 3 minutes (they may or may not float to the top.)
While the pierogi are boiling, melt butter in a nonstick skillet over medium heat.
Transfer pierogi from the boiling water directly into the melted butter. Cook until light golden brown, about 2 minutes per side or longer if more browning is desired.
Continue boiling and browning pierogi in batches as needed.
Transfer to a plate and spoon buttered onions over top. Garnish with sour cream and chives.",Dinner,"{'calories': '739 kcal', 'carbohydrateContent': '68 g', 'cholesterolContent': '96 mg', 'fiberContent': '3 g', 'proteinContent': '23 g', 'saturatedFatContent': '24 g', 'sodiumContent': '1267 mg', 'fatContent': '42 g', 'unsaturatedFatContent': '0 g'}",7 servings,https://www.allrecipes.com/thmb/ys3MWg8XsEDVMouqHBL0Q1J86cc=/1500x0/filters:no_upscale():max_bytes(150000):strip_icc()/IMG_2494-2000-cb7d6d6356e148b69c58406982e4c6a8.jpg
56,15,Apple Banana Cupcakes,This is a cupcake that smells as good as it tastes. It's an old Polish recipe from some of the best bakers in Milwaukee!,"['2 cups all-purpose flour', '1 teaspoon baking soda', '1 teaspoon salt', '½ teaspoon ground cinnamon', '½ teaspoon ground nutmeg', '⅔ cup shortening', '1 ¼ cups white sugar', '2 eggs', '1 teaspoon vanilla extract', '¼ cup buttermilk', '1 cup ripe bananas, mashed', '2 apples - peeled, cored and shredded']","Preheat oven to 375 degrees F (190 degrees C). Grease and flour 24 muffin cups, or use paper liners. Sift together the flour, baking soda, salt, cinnamon, and nutmeg. Set aside.
In a large bowl, cream together the shortening and sugar until light and fluffy. Beat in the eggs one at a time, then stir in the vanilla and buttermilk. Beat in the flour mixture, mixing just until incorporated. Fold in the mashed bananas and shredded apples. Fill each muffin cup half full.
Bake in the preheated oven for 20 to 25 minutes, or until a toothpick inserted into the center comes out clean. Allow to cool.",Dessert,"{'calories': '151 kcal', 'carbohydrateContent': '22 g', 'cholesterolContent': '16 mg', 'fiberContent': '1 g', 'proteinContent': '2 g', 'saturatedFatContent': '2 g', 'sodiumContent': '158 mg', 'sugarContent': '13 g', 'fatContent': '6 g', 'unsaturatedFatContent': '0 g'}",24 servings,https://www.allrecipes.com/thmb/Xiy65CncM9G3LGO54GI2P1G70NU=/1500x0/filters:no_upscale():max_bytes(150000):strip_icc()/593177-e083b4b57546454da0d7f600bf451546.jpg
57,13,Easy Potato Sausage Soup,"This soup is a very easy, appetizing way to have dinner or lunch! Onions, carrots, green bell pepper, and polish sausages pack a flavorful punch!","['2 onions, chopped', '½ cup margarine', '4 cups diced potatoes', '1 (10 ounce) package frozen diced carrots', '1 pound Polish sausage, sliced', '1 green bell pepper, chopped', '3 cups water', '1 teaspoon salt', '½ teaspoon ground black pepper', '3 cups milk', '¾ cup dry potato flakes']","Using a large saucepan, brown onion in butter.
Add potatoes, carrots, green peppers, sausage, water, salt and pepper. Cook on low, for about 45 minutes or until the potatoes are creamy.
Add milk and cook until heated through and then add instant potato flakes. If you want a creamy potato soup add a 1/2 cup potato flakes, or if you want your soup thick like stew add 1 cup of potato flakes.
Let soup sit for approximately 5 minutes in order to thicken and then serve.",Dinner,"{'calories': '578 kcal', 'carbohydrateContent': '38 g', 'cholesterolContent': '63 mg', 'fiberContent': '5 g', 'proteinContent': '18 g', 'saturatedFatContent': '12 g', 'sodiumContent': '1326 mg', 'sugarContent': '11 g', 'fatContent': '40 g', 'unsaturatedFatContent': '0 g'}",6 servings,https://www.allrecipes.com/thmb/vdgHytQd78W7ElpLmBDaw6GEAfU=/1500x0/filters:no_upscale():max_bytes(150000):strip_icc()/515187-49681f8133db4866bbf72d07195cf7dc.jpg
58,13,Big Ray's Kielbasa Cabbage Skillet for a Crowd,"Big Ray's kielbasa cabbage skillet for a crowd includes Polish sausage, cabbage, and potato. The skillet dinner is perfect for camping or potlucks.","['3 large potatoes, cubed', '¼ cup unsalted butter, divided', '2 onions, chopped', '1 pound Polish kielbasa sausage, cut into 1/2-inch slices', '1 large head cabbage, coarsely chopped', '2 (15 ounce) cans diced tomatoes', '¼ cup white sugar', '1 tablespoon paprika']","Place potatoes in a microwave-safe bowl. Microwave at high power until partially tender, about 8 minutes. Set aside.
Heat 2 tablespoons butter in a Dutch oven or large cast-iron skillet over medium heat. Add onions and sausage; cook and stir until browned, about 5 minutes. Transfer to a bowl.
Heat remaining 2 tablespoons butter in the Dutch oven. Add cabbage; cook and stir until tender, about 5 minutes.
Combine tomatoes, sugar, and paprika in a bowl; pour over cabbage and bring to a boil. Reduce heat; add potatoes and sausage mixture. Cover Dutch oven; simmer until potatoes are tender, about 40 minutes.",Dinner,"{'calories': '897 kcal', 'carbohydrateContent': '94 g', 'cholesterolContent': '112 mg', 'fiberContent': '17 g', 'proteinContent': '27 g', 'saturatedFatContent': '24 g', 'sodiumContent': '1424 mg', 'sugarContent': '34 g', 'fatContent': '47 g', 'unsaturatedFatContent': '0 g'}",4 servings,https://www.allrecipes.com/thmb/H6bD7obRkP7yBvCjXhDJ5os2N4o=/1500x0/filters:no_upscale():max_bytes(150000):strip_icc()/4475779-d442c90c2f1d4a9eb75e30d91389b093.jpg
59,13,Bigos (Hunter's Stew),"This bigos recipe is a traditional Polish stew that combines pork, smoked bacon, kielbasa sausage, and sauerkraut. Perfect for a comforting meal on a cold day!","['1 pound kielbasa sausage, sliced into ½-inch pieces', '2 thick slices hickory-smoked bacon', '1 pound cubed pork stew meat', '¼ cup all-purpose flour', '4 cups shredded green cabbage', '2 carrots, diced', '1 onion, diced', '1 ½ cups sliced fresh mushrooms', '3 cloves garlic, chopped', '1 (16 ounce) jar sauerkraut, rinsed and well drained', '¼ cup dry red wine', '1 bay leaf', '1 tablespoon sweet paprika', '1 teaspoon dried basil', '1 teaspoon dried marjoram', '¼ teaspoon salt', '⅛ teaspoon ground black pepper', '⅛ teaspoon caraway seed, crushed', '1 pinch cayenne pepper', '5 cups beef stock', '1 cup canned diced tomatoes', '½ ounce dried mushrooms', '2 tablespoons canned tomato paste', '1 dash bottled hot pepper sauce', '1 dash Worcestershire sauce']","Gather the ingredients. Preheat the oven to 350 degrees F (175 degrees C).
Heat a large pot over medium heat. Add kielbasa and bacon; cook and stir until bacon has rendered its fat and sausage is lightly browned. Use a slotted spoon to remove the meat and transfer to a large casserole or Dutch oven.
Coat cubes of pork lightly with flour and fry them in the bacon drippings over medium-high heat until golden brown. Use a slotted spoon to transfer pork to the casserole. Add cabbage, carrots, onion, fresh mushrooms, and garlic. Add in sauerkraut. Reduce heat to medium; cook and stir until carrots are soft, about 10 minutes. Do not let the vegetables brown.
Deglaze the pan by pouring in red wine and stirring to loosen all of the bits of food and flour that are stuck to the bottom. Season with bay leaf, paprika, basil, marjoram, salt, pepper, caraway seed, and cayenne; cook for 1 minute.
Mix in beef stock, tomatoes, dried mushrooms, tomato paste, hot pepper sauce, and Worcestershire sauce. Heat through just until boiling. Pour vegetables and all of the liquid into the casserole dish with meat. Cover with a lid.
Bake in the preheated oven until meat is very tender, 2½ to 3 hours.",Dinner,"{'calories': '356 kcal', 'carbohydrateContent': '15 g', 'cholesterolContent': '62 mg', 'fiberContent': '4 g', 'proteinContent': '20 g', 'saturatedFatContent': '8 g', 'sodiumContent': '978 mg', 'sugarContent': '7 g', 'fatContent': '24 g', 'unsaturatedFatContent': '0 g'}",10 servings,https://www.allrecipes.com/thmb/nXagvACPTRHY5rKnJljwLZToTrg=/1500x0/filters:no_upscale():max_bytes(150000):strip_icc()/138131-bigos-hunters-stew-DDMFS-102-05bf4cb1a6d04fcd87045d6fc9828219.jpg
60,14,Kielbasa and Potato Bake,Polish sausages slices and potatoes are baked together in a creamy sauce to make this hearty brunch casserole.,"['1 (10.75 ounce) can condensed cream of mushroom soup', '2 cups milk', '1 tablespoon minced garlic', '1 teaspoon salt', '½ teaspoon ground black pepper', '1 pound kielbasa sausage, sliced thin', '4 large russet potatoes, peeled and cubed']","Preheat oven to 375 degrees F (190 degrees C).
In a large mixing bowl, mix together soup, milk, garlic, salt, and pepper. Stir in potatoes and kielbasa. Spoon into a 7x11 inch casserole dish.
Place casserole on a baking sheet, and bake in the preheated oven for 90 minutes, or until potatoes are tender.",Breakfast,"{'calories': '352 kcal', 'carbohydrateContent': '33 g', 'cholesterolContent': '42 mg', 'fiberContent': '2 g', 'proteinContent': '12 g', 'saturatedFatContent': '7 g', 'sodiumContent': '1364 mg', 'sugarContent': '6 g', 'fatContent': '19 g', 'unsaturatedFatContent': '0 g'}",8 servings,https://www.allrecipes.com/thmb/3uWS4uEGllm08mIrqujq05Xu0oY=/1500x0/filters:no_upscale():max_bytes(150000):strip_icc()/3575305-371513b710894851a72ef29b3d18adbd.jpg
61,14,Beef and Beet Borscht,This beef borscht is Chef John's version of the Russian and Polish soup with beets and cabbage simmered in a homemade broth made from bone-in shank.,"['1 (1 inch thick) slice bone-in beef shank', '3 quarts water', '1 onion, chopped', '1 cup chopped carrots', '½ cup chopped celery', '1 bay leaf', '3 cups diced peeled beets', '2 cups chopped cabbage', '¼ cup white vinegar, or to taste', 'salt and ground black pepper to taste', '1 cup sour cream, for garnish', '2 tablespoons chopped fresh dill, for garnish']","Cook beef shank in a large soup pot over high heat until browned, about 3 minutes per side. Add water, onion, carrots, celery, and bay leaf; bring to a simmer and cook until meat is tender and falling off the bone, about 4 hours. Strain broth and discard solids.
Combine beef broth, beets, and cabbage in the same pot; cook, stirring occasionally, until beets are tender, about 30 minutes. Reduce heat to low; add vinegar, salt, and black pepper.
Serve soup in bowls garnished with sour cream and dill.",Dinner,"{'calories': '138 kcal', 'carbohydrateContent': '12 g', 'cholesterolContent': '21 mg', 'fiberContent': '3 g', 'proteinContent': '6 g', 'saturatedFatContent': '4 g', 'sodiumContent': '96 mg', 'sugarContent': '6 g', 'fatContent': '8 g', 'unsaturatedFatContent': '0 g'}",8 servings,https://www.allrecipes.com/thmb/9Roil-q3fZMLq0D7SBZYevA4KOI=/1500x0/filters:no_upscale():max_bytes(150000):strip_icc()/4468945-a93b224b95c545b98dda9e18c361d8a4.jpg
62,13,Roasted Brussels Sprouts and Kielbasa,Paprika adds a hint of smoky goodness to this quick and easy meal of Brussels sprouts roasted with Polish sausage.,"['1 ½ pounds Brussels sprouts, trimmed and halved', '2 teaspoons olive oil, divided', '2 teaspoons smoked paprika, divided', '½ teaspoon sea salt', '½ teaspoon ground black pepper', '1 pound smoked kielbasa sausage, sliced, or more to taste']","Preheat oven to 400 degrees F (200 degrees C).
Toss Brussels sprouts with 1 teaspoon oil, 1 teaspoon paprika, 1/4 teaspoon salt, and 1/4 teaspoon pepper in a large bowl. Spread on a baking sheet.
Roast in the preheated oven until softened, about 15 minutes. Push to 1 side of the baking sheet.
Toss kielbasa sausage with remaining 1 teaspoon oil, 1 teaspoon paprika, 1/4 teaspoon salt, and 1/4 teaspoon pepper in the bowl. Arrange cut-side down next to the Brussels sprouts on the baking sheet.
Return to the oven and roast until Brussels sprouts are slightly crispy, about 15 minutes more. Toss together before serving.",Dinner,"{'calories': '483 kcal', 'carbohydrateContent': '18 g', 'cholesterolContent': '81 mg', 'fiberContent': '7 g', 'proteinContent': '20 g', 'saturatedFatContent': '17 g', 'sodiumContent': '1195 mg', 'sugarContent': '6 g', 'fatContent': '38 g', 'unsaturatedFatContent': '0 g'}",4 servings,https://www.allrecipes.com/thmb/zEDmg2DrgG30weZqMj6ohV1DiCY=/1500x0/filters:no_upscale():max_bytes(150000):strip_icc()/4517302-8f6f66118e9e4dacbeb84ce5283368be.jpg
63,13,Slow Cooker Sauerkraut Soup,Cream of mushroom and chicken soups form the base of this polish sausage and sauerkraut soup seasoned with dill.,"['1 (10.75 ounce) can condensed cream of mushroom soup', '1 (10.75 ounce) can condensed cream of chicken soup', '2 ½ cups water', '4 cups chicken broth', '½ pound sauerkraut', '1 onion, finely diced', '1 (15 ounce) can carrots, drained', '1 (15 ounce) can sliced potatoes, drained', '1 pound smoked sausage of your choice, sliced', '1 teaspoon dried dill weed', '1 teaspoon minced garlic (Optional)', 'salt and pepper to taste']","Blend cream of mushroom soup, cream of chicken soup, water, and chicken broth in a 4- to 6-quart slow cooker. Stir in sauerkraut, onion, carrots, potatoes, and sausage. Season with dill and garlic.
Cover and cook on Low for up to 8 hours or High for 4 hours. Season with salt and pepper.",Lunch,"{'calories': '387 kcal', 'carbohydrateContent': '26 g', 'cholesterolContent': '53 mg', 'fiberContent': '4 g', 'proteinContent': '18 g', 'saturatedFatContent': '8 g', 'sodiumContent': '2557 mg', 'sugarContent': '6 g', 'fatContent': '23 g', 'unsaturatedFatContent': '0 g'}",6 servings,https://www.allrecipes.com/thmb/DVAF4ApYcWzwNQTn1nf_n-K84vE=/1500x0/filters:no_upscale():max_bytes(150000):strip_icc()/6604339-e2cc57e4cdb548fcb09eec414c4c8a87.jpg
64,12,Bialys,"Similar to bagels but lighter in texture and filled with a savory onion-poppy seed filling, these Polish bialys are really amazing!","['3 ¾ cups bread flour', '½ teaspoon instant yeast', '1 ½ teaspoons kosher salt', '1 ½ cups water, at room temperature', '1 tablespoon olive oil', '1 large yellow onion, diced', '½ teaspoon kosher salt, plus more to taste', '1 tablespoon bread crumbs', '2 teaspoons poppy seeds, plus more for garnish', '1 tablespoon sliced green onion', '1 pinch cayenne pepper']","Combine bread flour, yeast, salt, and water for dough in a bowl. Stir with a wooden spoon and mix until a very wet, soft, and sticky dough forms. Cover and leave at room temperature for at least 12 hours.
When ready to make the bialys, heat olive oil for filling in a skillet over medium heat. Add onion and salt and cook, stirring occasionally until onion softens, sweetens, and turns golden brown, about 10 minutes. Turn off the heat and add bread crumbs, 2 teaspoons poppy seeds, green onion, and cayenne pepper. Stir to combine and cool down until needed.
Uncover dough; it should be bubbly. Scrape it away from the sides of the bowl with a spatula and transfer onto a floured work surface. Dust a little flour over top and gently press dough with your hands to flatten. Divide it into 8 equal portions and roll each into a ball, using a bit of flour as needed. Stretch each ball gently and tuck dough under the bottom; place on a baking sheet lined with generously floured parchment paper or a silicone liner (such as Silpat®). Dust the tops with flour and carefully cover with a dish towel; let proof until just about doubled in size, 45 to 60 minutes.
Preheat the oven to 500 degrees F (260 degrees C).
Flour your fingers and pick up one dough ball. Press and pull on the center to form it into a ring shape; the center of the dough will be thin and the edges will be thicker. Make sure the centers are very thin but be careful not to tear them open. Repeat with remaining balls.
Fill the center of each with no more than a rounded teaspoon of onion-poppy seed filling, then gently press the filling up the sides toward the outer rings. (You will have extra filling.) Spray bialys with some cold water and sprinkle poppy seeds over top.
Bake in the center of the preheated oven until puffed and nicely browned, about 12 minutes. Transfer to a wire rack and cool for about 20 minutes before serving.",Breakfast,"{'calories': '234 kcal', 'carbohydrateContent': '44 g', 'fiberContent': '2 g', 'proteinContent': '7 g', 'saturatedFatContent': '0 g', 'sodiumContent': '490 mg', 'sugarContent': '1 g', 'fatContent': '3 g', 'unsaturatedFatContent': '0 g'}",8 servings,https://www.allrecipes.com/thmb/BAFXab24tnwYhL5A_aa23sU2WQY=/1500x0/filters:no_upscale():max_bytes(150000):strip_icc()/9380180-ad0c774043734249b2b896d34021258e.jpg
65,12,Sausage and Lentils,A simple dish with a distinct flavor that will leave you craving more. Lentils are cooked with Polish sausage and cumin to make a fast and satisfying meal that is ready in under 30 minutes with minimal effort.,"['3 cups water', '1 cup dried lentils', '½ cup chopped onion', '8 ounces fully cooked kielbasa or Polish sausage, sliced', '1 teaspoon ground cumin', 'salt and pepper to taste']","Combine water, lentils and onion in a saucepan over medium heat. Bring to a boil, and cook for about 15 minutes. Add sliced sausage, and season with cumin, salt and pepper. Simmer until lentils are tender, about 5 to 10 more minutes.",Dinner,"{'calories': '325 kcal', 'carbohydrateContent': '28 g', 'cholesterolContent': '37 mg', 'fiberContent': '10 g', 'proteinContent': '18 g', 'saturatedFatContent': '5 g', 'sodiumContent': '522 mg', 'sugarContent': '4 g', 'fatContent': '16 g', 'unsaturatedFatContent': '0 g'}",4 servings,https://www.allrecipes.com/thmb/5O-m1pTDJ5QCNV27CKPvp1iyXgE=/1500x0/filters:no_upscale():max_bytes(150000):strip_icc()/1385163-3b7511b3fa514a6fb3012535930b07f0.jpg
66,12,Instant Pot Haluski with Kielbasa,"Haluski, a traditional Polish dish with cabbage and egg noodles, is combined with kielbasa and made in the Instant Pot for extra ease for busy evenings.","['1 small yellow onion, diced', '2 tablespoons unsalted butter', '1 medium head cabbage, shredded', '1 pound kielbasa sausage, sliced', '2 cups chicken broth', '1 (12 ounce) bag egg noodles', 'salt and ground black pepper to taste']","Turn on a multi-functional pressure cooker (such as Instant Pot) and select Sauté function. Add onion and butter; cook and stir until lightly browned, 1 to 2 minutes. Add cabbage and kielbasa; cook and stir until cabbage wilted down, about 10 minutes. Stir in chicken broth and egg noodles to combine.
Close and lock the lid. Select High pressure according to manufacturer's instructions; set timer for 3 minutes. Allow 10 to 15 minutes for pressure to build.
Release pressure carefully using the quick-release method according to manufacturer's instructions, about 5 minutes. Unlock and remove the lid. Season with salt and black pepper. Serve immediately.",Dinner,"{'calories': '401 kcal', 'carbohydrateContent': '40 g', 'cholesterolContent': '82 mg', 'fiberContent': '4 g', 'proteinContent': '15 g', 'saturatedFatContent': '8 g', 'sodiumContent': '874 mg', 'sugarContent': '6 g', 'fatContent': '21 g', 'unsaturatedFatContent': '0 g'}",8 servings,https://www.allrecipes.com/thmb/ochufjIZb24p0-af1o5gNzYisgw=/1500x0/filters:no_upscale():max_bytes(150000):strip_icc()/7663315-e9ad1d624fa547b5972781554359045b.jpg
67,12,"Big Ray's White Bean, Kale, and Kielbasa Soup","This recipe for kielbasa bean soup is made with Polish sausage, making this a hearty, warming meal for those chilly days.","['1 bunch kale, stems removed and discarded', '1 tablespoon olive oil', '8 ounces kielbasa sausage, sliced thin', '1 bunch green onions, sliced', '3 cups chicken broth', '1 (15.5 ounce) can white beans, drained and rinsed', '½ teaspoon salt', '1 pinch ground black pepper to taste', '1 pinch grated Parmesan cheese, or to taste']","Roll kale leaves into tight tubes and cut crosswise into 1/4-inch strips.
Heat oil in a large, heavy saucepan over medium heat. Cook and stir kielbasa in hot oil until browned, about 5 minutes. Stir green onions in with sausage; cook until onions soften, about 3 minutes. Add kale; cook and stir until kale wilts, about 3 minutes.
Pour chicken broth over the kielbasa mixture; add beans and stir. Bring the mixture to a boil, reduce heat to low, and cook at a simmer until kale is completely tender, about 15 minutes. Season with salt and pepper and top with Parmesan cheese.",Snack,"{'calories': '404 kcal', 'carbohydrateContent': '40 g', 'cholesterolContent': '38 mg', 'fiberContent': '9 g', 'proteinContent': '20 g', 'saturatedFatContent': '6 g', 'sodiumContent': '870 mg', 'sugarContent': '3 g', 'fatContent': '20 g', 'unsaturatedFatContent': '0 g'}",4 servings,https://www.allrecipes.com/thmb/NcEHRvQw50Or9J-BvOvDlhvSvtE=/1500x0/filters:no_upscale():max_bytes(150000):strip_icc()/7580933-39f0be3401254dfd899d9b613e250258.jpg
68,12,Chrusciki,"This chrusciki recipe makes more than six dozen fried bowtie cookies, the Polish version of angel wing cookies.","['12 large egg yolks', '1 large egg', '2 tablespoons white sugar', '1 tablespoon whiskey (Optional)', '1 teaspoon salt', '1 teaspoon vanilla extract', '2 ½ cups all-purpose flour, divided', '1 quart vegetable oil for frying, or as needed', ""1 cup confectioners' sugar for dusting""]","Whisk egg yolks, egg, sugar, whiskey, salt, and vanilla together in a bowl. Stir in 2 cups flour. If dough is sticky, stir in remaining 1/2 cup flour. Knead dough on a lightly floured surface for 5 minutes. Divide into thirds and cover with plastic wrap.
Heat 1 inch oil in a deep-fryer or large saucepan to 375 degrees F (190 degrees C).
Working with one piece of dough at a time, roll on a lightly floured surface until paper-thin. Cut into parallelograms (long diamonds); use a sharp paring knife to cut a slot in the center of each, and pull one point of the diamond through the slot. Repeat to make remaining cookies.
Fry two to four pieces at a time, depending on the size of your pan, until crisp but not browned, 5 to 10 seconds per side. Drain on paper towels and dust with confectioners' sugar when cool.",Dessert,"{'calories': '119 kcal', 'carbohydrateContent': '5 g', 'fiberContent': '0 g', 'proteinContent': '0 g', 'saturatedFatContent': '1 g', 'sodiumContent': '24 mg', 'fatContent': '11 g', 'unsaturatedFatContent': '0 g'}",80 servings,https://www.allrecipes.com/thmb/DMS6uc3LZ0PTqKS5fOiwfsnxK5k=/1500x0/filters:no_upscale():max_bytes(150000):strip_icc()/4313080-7ffc42baf3234ee6aacff5bcfd5e3da2.jpg
69,12,Butter Garlic Cabbage and Kluski Noodles,"Thick Polish-style kluski noodles are mixed with cabbage, seasonings, and plenty of butter in this butter garlic cabbage and kluski noodles recipe.","['1 (12 ounce) package kluski noodles', '8 tablespoons unsalted butter (Optional), divided', '1 sweet onion, finely chopped', '1 tablespoon minced garlic', '½ teaspoon dried Italian herb seasoning', '1 pinch crushed red pepper flakes', '1 large head cabbage, cored and finely chopped', '¼ cup water', '1 pinch garlic powder, or to taste (Optional)', 'salt and ground black pepper to taste']","Fill a large pot with lightly salted water and bring to a rapid boil. Cook kluski noodles at a boil, uncovered, stirring occasionally, until tender but still slightly firm, 7 to 10 minutes. Drain well. Return noodles to pot; stir in 3 tablespoons butter until melted and noodles coated. Set aside.
Melt 2 tablespoons butter in a large pot over medium heat. Add onion; cook and stir until translucent, about 5 minutes. Add garlic; cook and stir until fragrant, about 30 seconds. Stir in Italian seasoning and pepper flakes until evenly distributed.
Stir cabbage and water into onion mixture until well combined. Cover; cook, stirring often, until cabbage is tender and reduced in volume by about half, 15 to 20 minutes. There should be a small amount of liquid left in pot.
Gently stir buttered noodles into cabbage mixture until well combined. Stir in remaining 3 tablespoons butter if desired; season with garlic powder, salt, and black pepper.","Dinner,Side Dish","{'calories': '416 kcal', 'carbohydrateContent': '55 g', 'cholesterolContent': '88 mg', 'fiberContent': '8 g', 'proteinContent': '11 g', 'saturatedFatContent': '11 g', 'sodiumContent': '160 mg', 'sugarContent': '9 g', 'fatContent': '18 g', 'unsaturatedFatContent': '0 g'}",6 servings,https://www.allrecipes.com/thmb/VzZ__exDuGS2TCKPF9gGKkFWkj8=/1500x0/filters:no_upscale():max_bytes(150000):strip_icc()/1112217-5dafb5d7dd2a480a807e931bd071b6c6.jpg
70,12,Kapusta,"Kapusta is a Polish cabbage dish baked with onions, mushrooms, and sauerkraut. This grandmother's recipe can be served as a side or a vegetarian main dish.","['¼ medium head cabbage, thinly sliced', '6 tablespoons butter, divided', '2 medium onions, chopped', '1 large portobello mushroom, sliced', '1 ½ cups sliced white mushrooms', '1 (32 ounce) jar sauerkraut, drained and pressed', '½ teaspoon white sugar', '½ teaspoon dried thyme', 'salt and pepper to taste']","Preheat the oven to 350 degrees F (175 degrees C).
Place cabbage in a medium saucepan; add water to cover. Bring to a boil over high heat; cook until tender, about 10 minutes. Drain.
While the cabbage is cooking, melt 4 tablespoons butter in a large skillet over medium heat. Add onions and mushrooms; sauté until tender, 5 to 7 minutes. Remove from the heat.
Combine drained cabbage, onion-mushroom mixture, sauerkraut, sugar, thyme, salt, and pepper in a 9x13-inch baking dish; mix until well combined. Cut remaining 2 tablespoons butter into small pieces and arrange over top. Cover with aluminum foil.
Bake in the preheated oven for 1 hour, stirring every 20 minutes.","Dinner,Side Dish","{'calories': '151 kcal', 'carbohydrateContent': '11 g', 'cholesterolContent': '31 mg', 'fiberContent': '4 g', 'proteinContent': '3 g', 'saturatedFatContent': '7 g', 'sodiumContent': '761 mg', 'sugarContent': '6 g', 'fatContent': '12 g', 'unsaturatedFatContent': '0 g'}",6 servings,https://www.allrecipes.com/thmb/dcvzkOx1DMiILtwco_7w4AW5FaQ=/1500x0/filters:no_upscale():max_bytes(150000):strip_icc()/805688-37d0c28054f4468997cbf4dc4f46bdff.jpg
71,12,Eastern European Kotlety,Kotlety are traditional Polish pan-fried meat patties. This quick and simple version is made with ground beef.,"['1 ⅓ pounds lean ground beef', '⅔ cup milk cracker crumbs', '1 small sweet yellow onion, minced', '1 egg, well beaten', '1 tablespoon milk', '1 clove garlic, minced (Optional)', '1 ¼ teaspoons kosher salt', '½ teaspoon freshly ground black pepper', '½ cup vegetable shortening for frying']","Mix ground beef, cracker crumbs, onion, egg, milk, garlic, kosher salt, and black pepper in a large bowl until evenly blended. Shape meat mixture into twelve 3-inch patties about 1 1/4-inch thick.
Heat vegetable shortening in a large skillet over medium-high heat. Sear patties until golden brown, about 2 minutes per side. Reduce heat to low and continue cooking, uncovered, until patties are no longer pink in the center, about 20 minutes more. Remove patties from skillet and drain on paper towels until ready to serve.","Dinner,Snack","{'calories': '338 kcal', 'carbohydrateContent': '19 g', 'cholesterolContent': '98 mg', 'fiberContent': '1 g', 'proteinContent': '22 g', 'saturatedFatContent': '6 g', 'sodiumContent': '620 mg', 'sugarContent': '1 g', 'fatContent': '19 g', 'unsaturatedFatContent': '0 g'}",6 servings,https://www.allrecipes.com/thmb/mTPOMeXsvl_PLmd0_FIZYH1S1Tw=/1500x0/filters:no_upscale():max_bytes(150000):strip_icc()/873850-eastern-european-kotlety-LYNNINMA-4x3-1-8dd5d38c63d949acb065585c487c62d5.jpg
72,11,Piernik - Honey Bread,This is a recipe from my Polish grandmother. It is a semi-sweet bread that tastes wonderful with a little butter. I grew up on this stuff and it has always been one of my favorites.,"['1 cup sugar', '1 teaspoon ground cinnamon', '½ teaspoon ground cloves', '½ teaspoon ground allspice', '4 eggs', '½ cup milk', '½ cup vegetable oil', '1 teaspoon baking soda', '1 cup honey', '4 cups all-purpose flour', '½ cup raisins (Optional)', '½ cup chopped walnuts (Optional)']","In a large bowl, mix the sugar, cinnamon, cloves, allspice, and eggs. Stir in the milk and oil, and mix in the baking soda. Place honey in a small pot, and bring to a boil. Stir honey into the bowl. Mix flour into the bowl. Fold in the raisins and walnuts. Stir by hand with a sturdy spoon for 10 minutes. Allow the dough to sit 1 hour.
Preheat oven to 325 degrees F (165 degrees C). Lightly grease four 8x4 inch loaf pans.
Fill each loaf pan with about 2 inches of the batter. Bake 1 hour 15 minutes in the preheated oven, until a toothpick inserted in the center of a loaf comes out clean. Bread will be brown in color and will crack on top.",Snack,"{'calories': '175 kcal', 'carbohydrateContent': '30 g', 'cholesterolContent': '24 mg', 'fiberContent': '1 g', 'proteinContent': '3 g', 'saturatedFatContent': '1 g', 'sodiumContent': '51 mg', 'sugarContent': '17 g', 'fatContent': '6 g', 'unsaturatedFatContent': '0 g'}",32 servings,https://www.allrecipes.com/thmb/3TLILFMlm7dTVOKxUQzAL4tL9jU=/1500x0/filters:no_upscale():max_bytes(150000):strip_icc()/6371380-0c4ff53a27ed484f8f774fb8457b962a.jpg
73,11,Kolaczki,Jam filled Holiday cookies which have been a tradition for every Polish Christmas Eve I can remember.,"['5 cups all-purpose flour', '4 egg yolks', '3 teaspoons baking powder', '1 pound shortening', '1 cup milk', '4 (.25 ounce) packages active dry yeast', '1 teaspoon salt', '1 cup any flavor fruit jam', ""⅓ cup confectioners' sugar for decoration""]","Warm milk to just above room temperature. Dissolve the yeast in the milk, set aside. In a medium bowl, stir together the flour, salt and baking powder. Cut in the shortening until the mixture is mealy. Stir in the egg yolks and milk mixture. Knead the dough together and then refrigerate overnight.
Preheat oven to 350 degrees F (175 degrees C).
Dust a clean, dry surface with confectioners' sugar. Knead the dough for a few minutes. Carefully roll out your dough to 1/4 inch thickness. Cut out circles with a cookie cutter. Place a teaspoon of jam on the center of each circle, fold the dough over, and seal the edge with a fork.
Bake for 12 to 15 minutes in the preheated oven. Do not store in an airtight container or they will become soggy.",Dessert,"{'calories': '323 kcal', 'carbohydrateContent': '32 g', 'cholesterolContent': '35 mg', 'fiberContent': '1 g', 'proteinContent': '4 g', 'saturatedFatContent': '5 g', 'sodiumContent': '169 mg', 'sugarContent': '9 g', 'fatContent': '20 g', 'unsaturatedFatContent': '0 g'}",24 servings,https://www.allrecipes.com/thmb/7TjO4tLvd8saxXy0aHIgduq8lpE=/1500x0/filters:no_upscale():max_bytes(150000):strip_icc()/7505840-bb765692db344d1f987d7a861f74485f.jpg
74,10,Victoria Skonieczki's (Grandmom's) Nut Roll (Makowiec),This Polish/Czech holiday roll is great as a dessert or breakfast treat. This bread may be filled with nut meats or a poppy seed filling.,"['7 ½ cups walnuts', '¾ cup butter', '½ cup white sugar', '3 tablespoons maple flavoring', '6 cups sifted all-purpose flour, divided, or as needed', '2 (.25 ounce) packages active dry yeast', '3 tablespoons white sugar', '1 teaspoon salt', '1 (8 ounce) container sour cream', '1 cup butter', '½ cup water', '3 large eggs at room temperature']","Place walnuts in a food processor. Process until roughly ground.
Melt 3/4 cup butter in a skillet over medium heat. Stir in 1/2 cup sugar until dissolved, about 1 minute. Remove from heat. Add ground walnuts and maple flavoring; stir to combine.
Mix 2 cups flour, yeast, 3 tablespoons sugar, and salt together in a bowl.
Combine sour cream, 1 cup butter, and water in a saucepan over low heat. Warm until melted, about 2 minutes; do not boil. Remove from heat; let stand until cool enough to dip a finger in, about 3 minutes.
Add sour cream mixture to the flour mixture slowly. Beat with an electric mixer on medium speed for 2 minutes, scraping the bowl as you go. Add eggs and 1 additional cup flour; stir briefly to combine. Beat on high speed for 2 minutes more. Stir in remaining flour 1 cup at a time until a soft dough forms.
Turn dough out onto a floured surface; knead several times and roll into a ball. Let rise for 10 minutes. Grease 2 jelly roll pans.
Divide dough into 4 pieces; roll each out to a 14x12-inch rectangle. Spread 1/4 of the filling over each rectangle, leaving a 1-inch space around all edges. Roll each up lengthwise, jelly-roll fashion; pinch seams closed. Place, seams down, on the prepared pans. Cover with a damp cloth; let rise in a warm place for 1 hour.
Preheat oven to 350 degrees F (175 degrees C).
Bake in the preheated oven until golden, about 35 minutes. Place rolls on a rack to cool completely, 2 to 3 hours.",,"{'calories': '303 kcal', 'carbohydrateContent': '23 g', 'cholesterolContent': '42 mg', 'fiberContent': '2 g', 'proteinContent': '6 g', 'saturatedFatContent': '8 g', 'sodiumContent': '139 mg', 'sugarContent': '5 g', 'fatContent': '22 g', 'unsaturatedFatContent': '0 g'}",36 servings,https://www.allrecipes.com/thmb/htDKoYeasb7IuMcI2KMJNIqd1Jc=/1500x0/filters:no_upscale():max_bytes(150000):strip_icc()/Victoria-Skonieczkis-Grandmoms-Nut-Roll-Makowiec-2000-dcddf4779a2543f5a70dfb1cdf851e4c.jpg
75,11,Cabbage and Gnocchi,"Haluski, a popular budget-friendly Polish dish, combines cabbage and pasta; this recipe uses gnocchi and is a quick and easy weeknight meal.","['1 (16 ounce) package gnocchi', '¼ cup butter, divided, or more as needed', '2 tablespoons olive oil', '1 onion, chopped', '1 head cabbage, shredded', '1 clove garlic, minced', '1 pinch red pepper flakes', 'salt and ground black pepper to taste', '1 teaspoon grated Parmesan cheese, or to taste']","Bring a large pot of lightly salted water to a boil. Cook gnocchi in the boiling water until they float to the top, 2 to 4 minutes.
Melt 2 tablespoons butter and olive oil in a Dutch oven over medium-high heat. Add onion; saute until softened, about 5 minutes. Stir in cabbage, garlic, and red pepper flakes. Season with salt and pepper. Cook and stir until cabbage is translucent but still crunchy, 5 to 7 minutes.
Toss cooked gnocchi into the cabbage until combined. Sprinkle Parmesan cheese on top.","Dinner,Side Dish","{'calories': '283 kcal', 'carbohydrateContent': '29 g', 'cholesterolContent': '35 mg', 'fiberContent': '6 g', 'proteinContent': '5 g', 'saturatedFatContent': '9 g', 'sodiumContent': '180 mg', 'sugarContent': '8 g', 'fatContent': '18 g', 'unsaturatedFatContent': '0 g'}",6 servings,https://www.allrecipes.com/thmb/L19kDCQqE2l4cybK0RWTLsmxEMg=/1500x0/filters:no_upscale():max_bytes(150000):strip_icc()/8237391-f916e1afd6c84e6f933629b7530b2872.jpg
76,14,Rich Cream of Mushroom Soup,"Rich cream of mushroom soup, beats the canned variety any day. Garnish bowls with fresh chives and thyme.","['1 pound fresh mushrooms', '¼ cup salted butter', '4 green onions, thinly sliced', '3 cloves garlic, chopped', '1 teaspoon chopped fresh lemon thyme leaves', 'salt and ground white pepper to taste', '2 tablespoons all-purpose flour', '4 cups vegetable broth', '1 cup light cream', '1 sprig fresh lemon thyme leaves', '1 tablespoon chopped fresh chives']","Thinly slice mushroom caps; discard stalks.
Melt butter in a heavy-bottomed pan. Add green onions, garlic, and 1 teaspoon lemon thyme leaves; cook and stir for 1 minute, or until garlic is golden. Add mushrooms, salt, and white pepper; cook for 3 to 4 minutes, or until mushrooms begin to soften. Add flour and cook, stirring constantly, for 1 minute.
Remove from the heat and add broth, stirring continuously. Return to the heat and stir until boiling. Reduce the heat and simmer gently for 2 minutes, stirring occasionally.
Whisk in cream and stir while gently heating; do not let boil. Season with salt and pepper. Ladle into bowls and garnish with chives and remaining lemon thyme.",Soup,"{'calories': '297 kcal', 'carbohydrateContent': '16 g', 'cholesterolContent': '70 mg', 'fiberContent': '3 g', 'proteinContent': '7 g', 'saturatedFatContent': '15 g', 'sodiumContent': '574 mg', 'sugarContent': '5 g', 'fatContent': '24 g', 'unsaturatedFatContent': '0 g'}",4 servings,https://www.allrecipes.com/thmb/wdVH5rC8xxykAtHYJ-eerXb9MR0=/1500x0/filters:no_upscale():max_bytes(150000):strip_icc()/5372665-2eef1856920a47039177108499552586.jpg
77,15,Kielbasa and Cabbage,"Kielbasa and cabbage cooked in bacon drippings and seasoned with garlic, red pepper, and caraway seeds makes a cozy, hearty, and satisfying dish.","['6 slices bacon', '1 onion, chopped', '¼ cup water', '2 tablespoons white sugar, or to taste', '3 teaspoons caraway seed', '2 teaspoons minced garlic', '¼ teaspoon crushed red pepper flakes', '¼ teaspoon seasoning salt', '1 large head cabbage, cut into small wedges', '1 pound Polish kielbasa']","Fry bacon in a large skillet over medium-high heat until browned, turning once. Remove bacon from pan, reserving drippings, and place on paper towels.
Stir onions, water, sugar, caraway seeds, garlic, red pepper flakes, and seasoned salt into drippings. Add cabbage and gently stir. Cover and cook over medium heat for 10 to 15 minutes.
Add kielbasa to the pan. Cook, covered, for an additional 10 to 15 minutes. Crumble bacon over top and serve hot.",Dinner,"{'calories': '343 kcal', 'carbohydrateContent': '12 g', 'cholesterolContent': '67 mg', 'fiberContent': '1 g', 'proteinContent': '14 g', 'saturatedFatContent': '9 g', 'sodiumContent': '1063 mg', 'sugarContent': '7 g', 'fatContent': '27 g', 'unsaturatedFatContent': '0 g'}",6 servings,https://www.allrecipes.com/thmb/VmonwHbZ8bydCgTF_JZA6-J2DWU=/1500x0/filters:no_upscale():max_bytes(150000):strip_icc()/14714kielbasa-and-cabbagelutzflcat4x3-9c6c55134f6346c5afa670448100ab95.jpg